Question1,Question2,Question3,Question4,Question5,Question6,Question7,Question8,Question9,Question10,Question11,Question12,Question13,Question14,Question15,Question16,Question17,Question18,Question19,Question20,Question21,Question22,Question23,Question24,Question25,Question26,Question27,Question28,Question29,Question30
41岁以上,不愿透露,8年以上,其他,副教授,比较熟悉,每周,"研究日志, 导师/同事讨论, 自我评估, 教学日志",比较有帮助,"作为一位副教授，我所采用的最有效的反思实践方法包括几个关键步骤，这些步骤帮助我在教学和研究过程中持续改进与成长：

1. **写作日志**：我习惯定期记录自己的教学和研究活动，包括实验设计、课程准备、学生反馈以及个人感悟。这种书写不仅帮助我记录下来那",教学负担,40-50小时,一般,一般,"教学: 43%, 研究: 44%, 行政工作: 15%, 其他: -2%",有时,比较同意,很少,"职称评定, 工作不稳定性","面对职称评定和工作不稳定性导致的学术焦虑，我采取了以下几种方法来应对：

1. **时间管理和计划制定**：我会制定详细的工作计划，包括短期和长期目标。这有助于我保持焦点，逐步克服挑战，同时也能让我对工作进度有更好的掌控感，减少焦虑。

2. **专注于研究和教学质",非常支持,经常,非常鼓励,非常合理,从未,"提高教学质量: 3, 增强研究能力: 5, 改善时间管理: 2, 减轻工作压力: 5, 明确职业目标: 2",一般,"作为一名副教授，我每周的反思实践对我的职业发展产生了深远的影响，尤其在增强个人自主性和改善整体学术表现方面。

首先，通过定期的反思，我能够更深入地理解自己的教学和研究方法，这让我能够更加自主地决定我想要探索的领域和采用的策略。这种自我引导的过程极大","在中国学术环境中推广反思实践的主要障碍包括以下几点：

1. **传统教育模式的影响**：中国的教育体系在很大程度上依赖于填鸭式和应试教育，这种模式鼓励记忆和重复而不是批判性思考和个人反思。这样的背景使得学生和学者在接受新的、以反思为中心的学习方法时可能会感到不","改善早期职业学者的学术环境，提高学术满意度和整体学术表现，可以通过以下几个方面来实施：

1. **加强导师支持与指导**：建立一个更加系统化和个性化的导师支持体系，为早期职业学者匹配适合他们研究兴趣和发展需要的导师或导师团队。导师可以提供学术方向指导、职业发展建议和"
41岁以上,男,6-8年,自然科学,助理教授,完全不熟悉,每周,"教学日志, 导师/同事讨论",比较有帮助,"在自然科学领域，我发现结合实验结果与理论研究的反思实践方法非常有效。我的方法主要包括以下几个步骤：

1. **实验和数据收集**：首先，我会在实验室进行精确的实验并收集数据。这是确保实验结果可靠性和有效性的基础。

2. **数据分析**：收集数据后，我会使用统计和计算方法对数据进行深入分析，寻找数据之间的关联性和模式。","研究压力, 行政工作",40小时以下,不太满意,一般,"教学: 42%, 研究: 35%, 行政工作: 29%, 其他: -6%",经常,中立,总是,"职称评定, 申请资助","面对学术焦虑，我采取了以下几种方法来应对：

1. **时间管理**：我通过制定详细的工作计划和时间表来管理我的研究、教学和申请资助的工作。这有助于我高效地利用时间，同时确保有足够的时间来关注每一个任务。

2. **建立支持网络**：我积极寻求来自同事和导师的支持和建议。通过定期的讨论和反馈，我能够",比较支持,总是,中立,非常合理,经常,"提高教学质量: 5, 增强研究能力: 3, 改善时间管理: 1, 减轻工作压力: 2, 明确职业目标: 5",一般,"作为一位每周都进行反思实践的助理教授，我认为这种习惯对我的职业发展产生了显著的正面影响，尤其是在增强个人自主性和改善整体学术表现方面。

首先，通过定期的反思，我能够更深入地理解自己作为学者和教育者的角色，这有助于我明确职业目标和研究方向。这种深度的自我审视","在中国学术环境中推广反思实践面临的主要障碍包括：

1. **传统学术文化的影响**：中国的学术环境长期以来重视结果导向和量化评估（如SCI论文数量、影响因子等），这种文化倾向可能导致在研究和教学过程中忽视对过程和方法的反思。人文社科学者虽然更容易接受反思实践，但在整体的学术评价","改善早期职业学者的学术环境，以提高学术满意度和整体学术表现，可以从以下几个方面入手：

1. **增加研究资金和资源的可获得性**：为早期职业学者提供足够的研究资金和资源，包括实验材料、数据访问权限和研究软件，是提高他们研究效率和学术表现的关键。同时，也应该鼓"
41岁以上,其他,0-2年,自然科学,其他,有所了解,每周,"导师/同事讨论, 学生反馈分析, 同行观察, 教学日志",比较有帮助,"在我的自然科学领域的研究和学习过程中，我发现最有效的反思实践方法是“反思日记”结合“同行评审”。具体方法如下：

1. **反思日记**：每当完成一个实验、研究项目或是遇到一个具有挑战性的问题时，我会在我的反思日记中记录下来。这包括我所采取的方法、遇到的困难、解决问题的策略、实验结果及其与预期之间","时间管理, 行政工作",51-60小时,一般,比较好,"教学: 35%, 研究: 46%, 行政工作: 30%, 其他: -11%",有时,不太同意,经常,"发表压力, 申请资助","面对学术焦虑，我采取了以下几种方法来应对：

1. **设立切实可行的目标**：我会将长期目标分解为短期目标，比如月度、周度乃至日度目标，这样既可以保持动力，又可以避免因目标遥远而感到焦虑。

2. **时间管理**：通过合理规划我的时间，确保有足够的时间用于研究、写作和申请资助，同时也留",比较支持,有时,中立,非常不合理,从未,"提高教学质量: 5, 增强研究能力: 1, 改善时间管理: 3, 减轻工作压力: 1, 明确职业目标: 2",比较有帮助,"反思实践对我的职业发展产生了显著的正面影响，特别是在增强个人自主性和改善整体学术表现方面。通过每周的反思，我能够更深刻地理解自己的工作习惯、学习方式以及处理问题的策略，这为我提供了宝贵的自我认知，从而更好地规划和调整我的职业道路。

在增强个人自主性方面，反思实践使我","在中国学术环境中推广反思实践遇到的主要障碍主要可以从以下几个方面来理解：

1. **文化因素**：中国的教育和学术传统更侧重于知识的积累和传授，相对较少鼓励主动的批判性思考和反思。这种传统可能对学者采用反思实践构成障碍，尤其是在理工科领域，这种情况可能更为显","要改善早期职业学者的学术环境，从而提高学术满意度和整体学术表现，我建议从以下几个方面入手：

1. **提供稳定的研究资金支持**：资金是科研工作的基础。为早期职业学者提供稳定、充足的研究经费，可以让他们更专注于科研工作，减少对资金的担忧，从而提高工作"
36-40岁,不愿透露,6-8年,其他,讲师,完全不熟悉,每天,"导师/同事讨论, 学生反馈分析, 教学日志",比较有帮助,作为一名讲师，我认为最有效的反思实践方法是通过写作日志和案例研究相结合的方式。我会在每次课程结束后，花时间记录下课堂上发生的关键事件、自己的教学方法、学生的反应以及哪些做得好哪些需要改进的地方。这种写作日志的做法帮助我从日常教学中提炼经验，深入思考如何调整教学策略以提高,"工作生活平衡, 教学负担",40小时以下,一般,比较好,"教学: 30%, 研究: 42%, 行政工作: 19%, 其他: 9%",总是,非常同意,经常,"职称评定, 工作不稳定性","面对职称评定和工作不稳定性带来的学术焦虑，我采取了以下几种方法来应对：

1. **时间管理和计划制定**：我通过合理规划我的研究、教学和其他工作任务，确保每一项活动都有充分的时间进行，减少了因时间紧迫而产生的焦虑。

2. **设立短期和长期目标**：我将我的职业发展规划分为短期和长期目标",比较支持,经常,中立,非常合理,有时,"提高教学质量: 2, 增强研究能力: 4, 改善时间管理: 2, 减轻工作压力: 5, 明确职业目标: 1",比较有帮助,"反思实践对我的职业发展产生了显著的正面影响，尤其是在增强个人自主性和改善整体学术表现这两个方面。通过每天的反思，我能够更深入地理解自己的教学方法、学术研究和职业规划，从而作出更加明智和适应性强的决策。

首先，就个人自主性而言，通过反思，我开始主动识别和挑战","在中国学术环境中推广反思实践的主要障碍可以归纳为以下几点：

1. **评价体系的偏向：**当前的学术评价体系更倾向于量化指标，如SCI/SSCI期刊论文数量、项目资金等，而对于反思实践这类质性的、过程导向的学术活动重视不足。这种评价体系下，学者们可能更倾向于那些能够直接带来量化成果的研","改善早期职业学者的学术环境，并提高他们的学术满意度与整体表现，需要从多个角度入手，综合考虑资源分配、心理健康支持、职业发展机会以及学术交流与合作的机会。以下是一些建议：

1. **增加研究资金和资源支持**：为早期职业学者提供充足的研究经费，以便他们能够顺利开展"
25-30岁,男,3-5年,社会科学,其他,完全不熟悉,每周,"研究日志, 同行观察, 教学日志",非常有帮助,"在我的社会科学研究实践中，我认为最有效的反思实践方法是“结构化日志记录与同行互评”。这一方法涉及以下几个关键步骤：

1. **定期记录**：我会定期（通常是每周）记录我的研究过程、遇到的挑战、采纳的方法以及取得的进展。这不仅仅是对活动的简单描述，更重要的是记录我的思考过程、决策依据以及对结果",工作生活平衡,51-60小时,一般,一般,"教学: 38%, 研究: 34%, 行政工作: 13%, 其他: 15%",经常,比较同意,总是,"发表压力, 工作不稳定性, 申请资助","应对学术焦虑的策略是多方面的，以下是我采取的一些方法：

1. **时间管理和规划**：我利用日历和待办事项列表来规划我的研究活动、写作和申请资金的时间表。这有助于我保持组织性，减少因紧迫截止日期带来的焦虑。

2. **建立支持网络**：我积极参与学术社群，与同行建立联系。通过与他们分享经",比较支持,很少,比较鼓励,非常不合理,很少,"提高教学质量: 3, 增强研究能力: 3, 改善时间管理: 3, 减轻工作压力: 5, 明确职业目标: 2",一般,反思实践对我的职业发展产生了显著的正面影响，尤其是在增强个人自主性和改善整体学术表现这两个方面。首先，通过每周的反思，我能够更深入地了解自己的学术兴趣、研究方向以及工作习惯，从而更加自主地规划我的研究议程和职业路径。这种自主性的增强让我能够更加有意,"在中国学术环境中推广反思实践面临的主要障碍可以从几个方面进行分析：

1. **评价体系偏向量化指标：**当前的学术评价体系过分强调论文数量、期刊影响因子等量化指标，而忽视了学术思考的深度和质量，尤其是对反思实践这种难以量化评价的学术活动的重视不足。这种偏向导致学者为了应对","改善早期职业学者的学术环境，以提高学术满意度和整体学术表现，需要从以下几个方面着手：

1. **提供充分的资源和支持：** 包括资金支持、研究设施、数据访问权限和技术援助等。确保学者们有必要的资源来进行他们的研究，会极大地提高他们的工作效率和满意度。

2. **建立良好的导"
25-30岁,女,6-8年,自然科学,讲师,有所了解,每天,同行观察,非常有帮助,"作为一名自然科学领域的讲师，我认为最有效的反思实践方法是结合实验室工作与案例研究的""实践-反馈-改进""循环。具体来说，该方法包括以下几个步骤：

1. **实践**：在实验室环境中，学生参与到具体的科研项目或实验操作中，这些实践活动旨在模拟真实的科学研究过程。

2. **记录","时间管理, 教学负担",51-60小时,一般,比较好,"教学: 49%, 研究: 34%, 行政工作: 29%, 其他: -12%",很少,不太同意,有时,"同行竞争, 职称评定","面对同行竞争和职称评定带来的学术焦虑，我采取了以下几种方法来应对：

1. **设立短期和长期目标**：我明确自己在学术道路上的短期和长期目标，并将其细分为可实现的小步骤。这样可以帮助我保持焦点，逐步实现目标，而不是被远大的目标和不确定性所压垮。

2. **时间管理和规划**",非常支持,有时,比较鼓励,一般,有时,"提高教学质量: 3, 增强研究能力: 4, 改善时间管理: 5, 减轻工作压力: 5, 明确职业目标: 1",比较有帮助,"反思实践对我的职业发展产生了深刻和多方面的影响，特别是在增强个人自主性和改善整体学术表现方面。

首先，通过每天的反思，我能够更深入地理解自己的教学方法、研究途径以及与学生和同事的互动。这种深度的自我审视帮助我识别出哪些做法是有效的，哪些需要调整，从而在日常工作中更","在中国学术环境中推广反思实践的主要障碍可以从几个方面考虑：

1. **传统教学观念的影响**：长期以来，中国的教育体系倾向于以考试和成绩为导向，重视知识的传授和接受，而较少关注学生的批判性思维和反思能力的培养。这种传统教学观念对教师和学者的教学方法有深","改善早期职业学者的学术环境对于促进学术满意度和提高整体学术表现至关重要。以下是一些建议：

1. **提供充足的研究资源**：确保早期职业学者能够访问必要的文献、数据库、实验室设备和软件。缺乏资源是研究进展的一个重大障碍。

2. **增加研究资金**：提供更多的研"
36-40岁,男,3-5年,其他,副教授,非常熟悉,每周,"研究日志, 教学日志, 自我评估",比较有帮助,"作为一名来自其他领域的副教授，我最有效的反思实践方法是结合日记记录和同行评审。具体来说，我会在每次授课、研究或参与学术活动后立即记录重要的观察、感受和思考。这种即时记录有助于我捕捉到那些可能随时间淡忘的细节和灵感。

此外，我定期与我的同行进行交流和评审。这通常包括共享我的","研究压力, 职业发展不确定性, 时间管理",51-60小时,不太满意,比较好,"教学: 42%, 研究: 33%, 行政工作: 21%, 其他: 4%",从不,比较同意,总是,"同行竞争, 申请资助","面对同行竞争和申请资助的压力，我采取了以下几种方法来应对学术焦虑：

1. **建立支持网络**：我主动与同行建立良好的关系，通过学术交流和合作，建立一个互相支持的网络。这不仅有助于减轻孤独感，而且在面临挑战时能得到宝贵的意见和帮助。

2. **时间管理与规划**：我通过合理规",比较支持,很少,完全不鼓励,非常不合理,不确定,"提高教学质量: 1, 增强研究能力: 1, 改善时间管理: 3, 减轻工作压力: 5, 明确职业目标: 2",非常有帮助,"反思实践对我作为副教授的职业发展产生了显著影响，尤其是在增强个人自主性和改善学术表现方面。

首先，通过每周的反思，我得以深入分析自己的教学方法、研究方向以及与学生和同事的互动。这个过程帮助我识别了自己在教学和研究中的优势和弱点，使我能够有针对","在中国学术环境中推广反思实践的主要障碍可以从以下几个方面考虑：

1. **学术评价体系**：当前的学术评价体系过于侧重于量化指标，如SCI论文数量、影响因子等，而反思实践往往难以量化，这导致学者们更倾向于选择能直接提高评价指标的研究路径，而不是花费时间在难以量化成绩的反思实践上。","改善早期职业学者的学术环境，以提高学术满意度和整体学术表现，需要多层面的策略和改革：

1. **提供充足的资源和支持**：确保早期职业学者有访问到必要的研究资源，包括资金、实验室设施、数据获取渠道和科研软件。此外，提供专业的研究助理支持，帮助减轻"
31-35岁,其他,3-5年,工程,副教授,有所了解,每周,"同行观察, 研究日志",比较有帮助,"作为工程领域的副教授，我发现最有效的反思实践方法是结合案例学习与项目反思。具体来说，我采用以下几个步骤：

1. **案例学习**：我会定期引入与课程内容紧密相关的实际工程案例，让学生分析案例中的问题、解决方案以及结果。这有助于学生将理论知识与实际情况相结合，增强理解和记忆。

2.","职业发展不确定性, 工作生活平衡, 行政工作",51-60小时,非常不满意,比较好,"教学: 49%, 研究: 40%, 行政工作: 13%, 其他: -2%",经常,比较同意,经常,"发表压力, 职称评定","面对发表压力和职称评定带来的学术焦虑，我采取了以下几种方法来应对：

1. **设定实际目标**：我将长期的、大目标分解为一系列短期、可实现的目标，比如分步骤完成研究项目、撰写论文等。这样可以让我在实现每一个小目标时获得成就感，从而减轻焦虑。

2. **时间管理**：我采用时间管理工具和技",不太支持,很少,中立,一般,有时,"提高教学质量: 5, 增强研究能力: 2, 改善时间管理: 3, 减轻工作压力: 2, 明确职业目标: 2",不太有帮助,作为一名定期进行反思实践的副教授，我发现这种习惯对我的职业发展产生了深远的影响。首先，反思使我能够不断审视自己的教学和研究方法，从而提高了我的个人自主性。通过定期反思，我能够识别和调整那些不再服务于我的学术目标和个人成长的行为模式。这种自我指导的能力使我在职业发展上更加主,"在中国学术环境中推广反思实践面临的主要障碍可以归纳为以下几点：

1. **学术评价体系的压力**：中国高校普遍存在以论文发表数量和质量作为学术评价的主要标准，这导致学者们更倾向于将时间和精力集中在产出可量化成果上，而不是反思实践。对于人文社科学者和理工科学者而言，尽管他们的","改善早期职业学者的学术环境，提高学术满意度和整体学术表现，可以从以下几个方面着手：

1. **提供充足的研究资源和支持：** 包括资金支持、实验设施、数据获取等，这是提高学术表现的基础。同时，通过提供访问国内外学术会议、工作坊的机会，增强学者的学术交流和网络建设。

2. **建立"
41岁以上,不愿透露,6-8年,社会科学,助理教授,非常熟悉,每周,学生反馈分析,非常有帮助,作为一名社会科学领域的助理教授，我认为我的最有效的反思实践方法是通过撰写和回顾反思日志。这一方法允许我在日常的教学和研究中记录关键的观察和感悟，从而定期回顾和分析这些记录，以识别模式、挑战和进步。通过这种方式，我能够更深入地理解我的教学方法对学生的影响，以及我的研究,"工作生活平衡, 研究压力, 时间管理",40-50小时,不太满意,比较好,"教学: 50%, 研究: 47%, 行政工作: 24%, 其他: -21%",很少,比较同意,经常,"同行竞争, 发表压力, 申请资助","面临同行竞争、发表压力和申请资助的挑战，我采取了以下方法来应对学术焦虑：

1. **时间管理和规划：**我尽量有效地规划我的日常工作和研究，为每项任务设定优先级和截止日期，以保持工作的进度和质量。这包括合理安排研究、教学和申请资助的时间，确保每一部分都能得到充分的关注。",中立,有时,不太鼓励,非常不合理,有时,"提高教学质量: 5, 增强研究能力: 2, 改善时间管理: 4, 减轻工作压力: 1, 明确职业目标: 3",一般,"作为每周进行反思实践的助理教授，我发现这种习惯对我的职业发展产生了显著的积极影响，尤其体现在增强个人自主性和改善整体学术表现这两个方面。

首先，定期的反思实践帮助我增强了个人自主性。通过回顾每周的工作、研究和教学活动，我能够更加清晰地识别自己的强","在中国学术环境中推广反思实践存在几个主要障碍：

1. **传统学术文化偏重结果导向**：中国的学术环境传统上更强调成果和实际应用，尤其在理工科领域，这可能导致反思实践这种更注重过程和个人成长的方法被较少采用。

2. **评价体系的限制**：现行的学术评价体系往往偏向于量化指标，如","提高早期职业学者的学术满意度和整体学术表现，需要从多个层面入手进行优化和改善。以下是一些针对性的建议：

1. **增加研究资金和资源的支持**：确保早期职业学者可以轻松获取到必要的研究资金和资源，减轻他们的经济压力，为他们提供更广阔的实验和研究平台。

2. **提供职业发展"
25-30岁,其他,6-8年,其他,助理教授,非常熟悉,每周,"自我评估, 学生反馈分析, 教学日志",非常有帮助,"作为一名早期职业学者，我认为最有效的反思实践方法是结合写作与同行交流。

首先，我会定期进行写作反思，这包括但不限于教学日志、研究笔记以及项目回顾报告。写作不仅帮助我梳理思绪，还能深入分析自己在教学和研究过程中遇到的问题、采取的策略和取得的成果。通过这种方式，我能","研究压力, 教学负担",40-50小时,非常满意,比较好,"教学: 36%, 研究: 33%, 行政工作: 12%, 其他: 19%",有时,比较同意,经常,"发表压力, 职称评定, 申请资助","面对学术焦虑，我采取了以下几种方法来应对：

1. **时间管理**：我将我的研究、教学和个人时间进行合理规划，使用数字工具如Google Calendar来辅助我管理时间，确保我有专门的时间来专注于研究和写作。

2. **设定小目标**：将大的研究项目分解成小的、可管理的任务，并设立短期目标。这样既可以保持动力，也可以让我感到持续",比较支持,很少,非常鼓励,非常不合理,从未,"提高教学质量: 1, 增强研究能力: 2, 改善时间管理: 1, 减轻工作压力: 2, 明确职业目标: 5",非常有帮助,"作为一名助理教授，每周进行的反思实践对我的职业发展产生了显著的正面影响，尤其是在增强个人自主性和改善整体学术表现这两个方面。

首先，通过定期的反思，我能够更深入地理解自己的教学和研究工作中的优势和不足。这种自我审视使我能够主动识别和寻找提升自我的机会，而不是","在中国学术环境中推广反思实践的主要障碍可以从以下几个方面考虑：

1. **评价体系的偏向**：当前中国高校的科研评价体系倾向于量化指标，如SCI论文数量、项目资金等，这导致学者更多关注于成果的产出而非过程的反思与质量提升。人文社科由于其研究特性，更多地依赖于深度思考和反思，而理工科学","改善早期职业学者的学术环境是一个多维度的任务，需要从制度、资源、心理健康和职业发展多个方面综合考虑。以下是一些建议：

### 1. 提供充足的研究资金和资源

- **确保充足的启动资金**，帮助早期职业学者建立自己的研究团队和实验室。
- **提供持续的项目资助机会**，"
25-30岁,男,3-5年,社会科学,副教授,比较熟悉,每学期,"研究日志, 同行观察, 自我评估, 导师/同事讨论",一般,"在我的社会科学研究和教学实践中，我发现最有效的反思实践方法是""结构化日志记录""结合""同行互评""。

1. **结构化日志记录**：我鼓励学生和自己在每次课程、研究活动或项目后，立即撰写日志，记录下以下几个方面：
   - **活动描述**：简要概述活动内容。
   - **个人反应**：记录个人对该活动的直观感受和","教学负担, 时间管理, 行政工作",40-50小时,比较满意,一般,"教学: 50%, 研究: 39%, 行政工作: 29%, 其他: -18%",总是,比较同意,总是,"同行竞争, 发表压力","面对同行竞争和发表压力，我采取了以下几种方法来应对学术焦虑：

1. **时间管理**：我通过合理规划我的研究、教学和个人时间，确保有足够的时间进行深入研究和写作。使用时间管理工具和技术，比如时间块分配法，来高效利用我的时间。

2. **设定实际目标**：我设定了短期和长期的可实现目标，这些目标既",非常支持,有时,中立,一般,经常,"提高教学质量: 4, 增强研究能力: 2, 改善时间管理: 3, 减轻工作压力: 1, 明确职业目标: 4",一般,作为一名副教授，每学期进行的反思实践对我的职业发展产生了深远的影响。首先，它显著增强了我的个人自主性。通过定期反思我的教学和研究活动，我能够更加主动地识别自身的强项和弱点，以及确定需要进一步发展的领域。这种自我评估的过程让我不仅能够制定出更加符合个人职业目标,"在中国学术环境中推广反思实践面临的主要障碍可以从几个方面来考虑：

1. **传统学术文化**：中国的学术文化传统上更倾向于结果导向和定量研究，尤其是在理工科领域。这种文化背景可能使得学者更偏好于可量化的研究结果，而不是反思实践这种更为主观和过程导向的方法。

2. **评价体系**：","改善早期职业学者的学术环境，提高学术满意度与整体学术表现，需从多方面着手：

1. **增加资金支持和资源分配**：为早期职业学者提供稳定、充足的研究经费和资源，降低他们的经济压力，提供更好的实验设备和研究材料，帮助他们更高效地完成研究工作。

2. **提供职"
36-40岁,其他,0-2年,工程,其他,比较熟悉,每周,"同行观察, 自我评估, 导师/同事讨论, 学生反馈分析, 教学日志, 研究日志",比较有帮助,"在工程领域，我发现最有效的反思实践方法是“项目回顾会议与个人学习日志相结合”的模式。这种方法分为以下几个步骤：

1. **项目回顾会议**：在每个项目完成后，我们组织一次项目回顾会议，邀请项目团队的所有成员参加。在会议上，我们共同回顾项目从启动到完成的整个过程，讨论在项目实施过程中遇到的问题、采取的解决",职业发展不确定性,60小时以上,一般,不太好,"教学: 30%, 研究: 43%, 行政工作: 19%, 其他: 8%",总是,非常同意,有时,"同行竞争, 职称评定, 申请资助","在面对学术界的竞争、职称评定以及申请资助的过程中，我采取了以下几种方法来应对学术焦虑：

1. **设定实际目标**：我将长期目标细分为短期可实现的目标，这样可以让我在实现每一个小目标时获得成就感，同时也有助于我保持对长期目标的专注和动力。

2. **时间管理**：我通过合理安排时间，确保工作和休",中立,从不,比较鼓励,一般,很少,"提高教学质量: 5, 增强研究能力: 3, 改善时间管理: 2, 减轻工作压力: 3, 明确职业目标: 2",一般,作为一名高校早期职业学者，我每周进行的反思实践对我的职业发展产生了深远的影响。首先，这种习惯帮助我增强了个人自主性。通过定期回顾我的研究、教学以及与同事和学生的互动，我能够更加清晰地识别自己的强项和需要改进的领域。这种自我评估过程促使我主动寻找提升自,"在中国学术环境中推广反思实践的主要障碍可以从几个方面进行考虑：

1. **文化因素**：中国的教育和学术传统更倾向于注重结果和应用，相比之下，反思性实践，尤其是在人文社科领域，更多关注过程、思维方式和批判性思考。这种传统可能限制了对反思实践的接受和推广。

2. **评价体系**：中国的学术","改善早期职业学者的学术环境是一项多方面的任务，旨在提高他们的学术满意度和整体表现。以下是一些建议：

1. **提供更多的研究资金和资源**：确保早期职业学者能够获得足够的研究资金和资源，包括实验材料、软件许可和访问重要数据库的权限。这将有助于他们顺利开展研究工作，"
36-40岁,不愿透露,6-8年,其他,讲师,比较熟悉,每周,"自我评估, 研究日志, 同行观察, 学生反馈分析, 导师/同事讨论, 教学日志",比较有帮助,"作为一名讲师，我认为最有效的反思实践方法是通过编写教学日志和同行互评。在每次授课后，我会花时间记录当天的教学活动、学生的反应、自己的感受以及可以改进的地方。这种写作过程帮助我深入思考我的教学方法和课堂管理，同时也为未来提供了可行的调整方案。

此外，我非常重视同行互评。与同事共享教学经","时间管理, 研究压力",40-50小时,不太满意,比较好,"教学: 50%, 研究: 38%, 行政工作: 18%, 其他: -6%",很少,比较同意,经常,"职称评定, 工作不稳定性","面对职称评定和工作不稳定性带来的学术焦虑，我采取了以下几种方法来应对：

1. **时间管理和规划**：我制定了详细的研究计划和日程表，将大目标分解为小目标，并设定了具体的时间节点，以确保自己在科研和教学方面能持续进步，同时避免了工作和研究上的拖延。

2. **建立支持网络**：我",不太支持,经常,非常鼓励,非常不合理,有时,"提高教学质量: 1, 增强研究能力: 2, 改善时间管理: 2, 减轻工作压力: 2, 明确职业目标: 1",比较有帮助,"作为一名每周进行反思的讲师，我发现反思实践显著地促进了我的职业发展，主要体现在增强个人自主性和改善整体学术表现这两个方面。

首先，关于增强个人自主性，我发现定期的反思使我更加主动地探索和实践新的教学方法。通过回顾每周的教学过程、学生的反馈以及课堂互动的效果，我能够","在中国学术环境中推广反思实践的主要障碍主要包括以下几点：

1. **评价体系导向性强**：当前的学术评价体系更侧重于量化指标，如发表论文的数量和质量、项目资金等，而较少关注研究过程中的反思实践和质性成果。这种导向性使得学者们在追求职业发展时，可能更倾向于符合评价体系的常规研","改善早期职业学者的学术环境是一个复合性的任务，涉及到机构、政策、资源以及个人发展等多个层面。以下是一些建议，旨在提高学术满意度和整体学术表现：

1. **提供充足的研究资源和资金支持**：确保早期职业学者能够获得必要的研究资金和资源，包括实验材料、数据获取渠道、软件工具"
36-40岁,其他,0-2年,其他,副教授,有所了解,每学期,"研究日志, 学生反馈分析",一般,"在我的学术领域内，我认为最有效的反思实践方法是结合写作和小组讨论。这一方法可以具体分为以下几个步骤：

1. **个人写作**：在进行任何项目或研究后，我会花时间独自写作，反思整个过程中的关键学习点、遇到的挑战、以及可能的改进方案。这种写作不仅仅是记录，更重要的是对经验的深度反思，我会尝","教学负担, 研究压力, 时间管理",60小时以上,非常满意,比较好,"教学: 34%, 研究: 34%, 行政工作: 20%, 其他: 12%",总是,比较同意,有时,"同行竞争, 申请资助","面对同行竞争和申请资助带来的学术焦虑，我采取了以下几种方法来应对：

1. **制定计划和目标**：我会为自己设定清晰的短期和长期目标，并根据这些目标制定详细的工作计划。这不仅有助于我保持焦点和动力，而且可以使我在竞争中更有方向感。

2. **时间管理**：我努力提高时间管理技巧，",不太支持,很少,不太鼓励,非常不合理,很少,"提高教学质量: 2, 增强研究能力: 4, 改善时间管理: 3, 减轻工作压力: 4, 明确职业目标: 3",比较有帮助,"反思实践对我的职业发展产生了深远的影响，尤其是在增强个人自主性和改善整体学术表现这两方面。

首先，从增强个人自主性的角度来看，定期的反思使我能够更深入地理解自己的教学和研究方法，从而在职业选择和学术道路上做出更加主动和自信的决策。通过反思，我开始识别和利用我的强项，","在中国学术环境中推广反思实践的主要障碍可以从几个方面来考虑：

1. **传统学术文化：**中国的学术环境传统上更注重结果的呈现而非过程的反思，尤其在理工科领域，研究成果往往以数据、实验结果和技术创新为中心，这可能导致反思实践在评价体系中的价值被相对忽视。

2. **评价体系：**","改善早期职业学者的学术环境，提高学术满意度和整体学术表现，需要综合考虑各方面的因素和措施。以下是一些建议：

1. **增加研究资金支持**：为早期职业学者提供充足的研究资金，以减轻财政压力，使其能够更好地专注于研究项目，提高研究的质量和数量。

2."
36-40岁,男,3-5年,工程,讲师,有所了解,每周,"同行观察, 学生反馈分析, 教学日志, 导师/同事讨论, 自我评估",非常有帮助,"在我的工程领域教学中，我发现将理论知识与实际工程案例结合起来进行反思实践是非常有效的方法。我的方法主要包括以下几个步骤：

1. **案例分析**：我会选择与课程内容紧密相关的实际工程案例。这些案例通常涉及典型的工程问题、设计挑战或者是项目管理的实际情况。通过分析这些案例，学生可以了解理论知识在实际",行政工作,60小时以上,一般,比较好,"教学: 49%, 研究: 46%, 行政工作: 12%, 其他: -7%",总是,比较同意,经常,"发表压力, 职称评定","面对发表压力和职称评定的挑战，我采取了以下方法来应对学术焦虑：

1. **时间管理：**我采用时间管理工具和技巧，如制定详细的研究和写作计划，合理分配时间用于研究、写作、教学和休息，以提高工作效率。

2. **设定小目标：**将大目标拆分为一系列小目标，每完成一个小目标就给自己一定的奖",中立,很少,比较鼓励,非常合理,很少,"提高教学质量: 4, 增强研究能力: 1, 改善时间管理: 4, 减轻工作压力: 1, 明确职业目标: 5",一般,反思实践对我的职业发展产生了显著影响，特别是在增强个人自主性和改善整体学术表现方面。通过每周进行的反思，我能够深入分析自己的教学方法、学术研究以及与学生的互动，这不仅帮助我识别出了教学和研究过程中的不足，也促使我主动寻找解决问题的方法和策略，从而增,"在中国学术环境中推广反思实践的主要障碍可以归纳为以下几点：

1. **传统教育观念的影响**：长期以来，中国的教育体系较为注重知识的传授和学术的积累，相对缺乏对学生批判性思维和反思能力培养的重视。这种传统观念在一定程度上影响了学术环境中对反思实践的","为改善早期职业学者的学术环境、提升学术满意度和整体学术表现，我提出以下建议：

1. **增加研究资金和资源的可获得性**：提供充足的研究资金和资源是支持早期职业学者进行高质量研究的基础。这包括访问最新的科研工具、数据库、实验材料和田野调查资源等。同时，增加国内"
36-40岁,其他,0-2年,社会科学,副教授,比较熟悉,每天,"导师/同事讨论, 学生反馈分析, 同行观察, 研究日志, 自我评估",一般,"在我作为一名社会科学领域的副教授的职业生涯中，我发现最有效的反思实践方法是结合日常教学与研究的“双轨反思日志”。这种方法具体包括以下几个步骤：

1. **日常教学反思**：每次授课结束后，我会花费大约15至30分钟记录课堂上发生的关键事件，包括学生的反应、讨论的热点、出现的","职业发展不确定性, 时间管理",40-50小时,非常不满意,一般,"教学: 30%, 研究: 49%, 行政工作: 22%, 其他: -1%",有时,比较同意,有时,"发表压力, 申请资助","面临发表压力和申请资助的挑战时，我采取了以下几种方法来应对学术焦虑：

1. **时间管理：**我会合理安排我的研究、教学和生活时间，确保每个任务都有足够的时间去完成，避免最后时刻的紧张和焦虑。

2. **设立小目标：**将大的研究项目分解成一系列小目标，每完成一个小目标就给自己一些正面",中立,有时,比较鼓励,比较合理,有时,"提高教学质量: 5, 增强研究能力: 3, 改善时间管理: 3, 减轻工作压力: 5, 明确职业目标: 3",不太有帮助,反思实践对我的职业发展产生了深远和积极的影响。首先，通过每日的反思，我能够更加清晰地认识到自己在教学和研究中的优势和不足，这有助于我有针对性地强化我的能力，改进我的不足。这种自我认知的提升直接增强了我的个人自主性。我能够更加自信和独立地做出职业决策，,"在中国学术环境中推广反思实践的主要障碍可以从以下几个方面来考虑：

1. **传统学术文化和价值观的影响**：中国的学术环境长期以来较为重视结果导向和量化评价，例如发表论文数量、项目资助等，这些指标往往成为评价学术成就的主要依据。这种倾向可能导致对反思实践这种更为主观、过程导向的学","改善早期职业学者的学术环境，提高学术满意度和整体学术表现，可以从以下几个方面入手：

1. **提供更多的研究资源和支持**：确保早期职业学者可以轻松访问必要的研究资源，包括资料、实验设备和资金支持。建立专门的基金，帮助他们参加国内外学术会议，以促进学术交流和网络建设。"
36-40岁,其他,3-5年,工程,其他,非常熟悉,每月,"自我评估, 研究日志, 学生反馈分析, 同行观察",非常有帮助,"在我的职业生涯中，我发现将经验编码化和对比学习是反思实践中最有效的方法。简要地说，我的方法遵循以下几个步骤：

1. **经验编码化**：在每个项目结束时，我会详细记录我在项目中的关键决策、遇到的挑战、解决方案、以及结果。这些记录不仅包括成功的经验，也包括失败的教训。通过这种方式，我能够将抽象的",教学负担,60小时以上,比较满意,比较好,"教学: 43%, 研究: 38%, 行政工作: 21%, 其他: -2%",有时,比较同意,经常,"同行竞争, 职称评定, 工作不稳定性","面对学术焦虑及其带来的挑战，我采取了以下几种方法来应对：

1. **建立合作网络**：我主动与同行建立合作关系，共享资源和信息，参与或组织学术交流活动。这不仅帮助我获取新的研究灵感，还能减轻单打独斗的压力。

2. **时间管理**：我严格规划我的日常工作和研究时间，合理分配时间给",不太支持,经常,非常鼓励,不太合理,不确定,"提高教学质量: 3, 增强研究能力: 5, 改善时间管理: 5, 减轻工作压力: 2, 明确职业目标: 4",一般,反思实践对我职业发展的影响是深远且积极的。首先，它显著增强了我的个人自主性。通过定期的反思，我能够更清晰地认识到自己的强项和待改进的领域，这种自我认识使我更加自信地做出职业发展中的重要决策。例如，通过反思我发现自己在数据分析方面有独到之处，便主动寻找,"在中国学术环境中推广反思实践的主要障碍可以从多个角度来分析，包括文化、体制、资源分配、以及学科特性等。以下是几个关键因素：

1. **文化因素**：中国的学术文化传统上更重视知识的积累和掌握，而较少强调个体的反思能力和批判性思维。这种倾向可能导致在推广反思实践时遇到文化上的","改善早期职业学者的学术环境是一个多方面的任务，涉及到个人发展、学术交流、资源获取、工作生活平衡等多个方面。根据调查结果，提高学术满意度和整体学术表现的建议可以包括以下几个方面：

1. **加强研究能力培训**：为早期职业学者提供更多的研究方法和技能培训，帮助他们提高"
31-35岁,不愿透露,8年以上,社会科学,其他,有所了解,每周,"研究日志, 自我评估, 学生反馈分析",一般,作为一名社会科学领域的学者，我认为最有效的反思实践方法是“定期日志写作结合案例研究”。我通常在研究过程和教学实践中保持定期写作日志的习惯，记录下自己的观察、感受以及对于研究对象或教学过程中出现的问题的初步思考。这种持续的记录帮助我追踪自己思考的演变过程，发,职业发展不确定性,40小时以下,非常满意,比较好,"教学: 34%, 研究: 46%, 行政工作: 17%, 其他: 3%",有时,比较同意,总是,发表压力,"面对学术发表的压力和随之而来的学术焦虑，我采取了以下几种方法来应对：

1. **时间管理和规划**：我通过合理规划我的研究和写作时间来减轻压力。这包括设置短期和长期目标，优先级排序，以及为不同任务分配特定的时间段。

2. **建立支持网络**：与同行、导师及研究小组成员保持密切沟通。分享经验",不太支持,有时,中立,不太合理,很少,"提高教学质量: 3, 增强研究能力: 3, 改善时间管理: 3, 减轻工作压力: 3, 明确职业目标: 5",一般,"反思实践在我的职业发展中起到了至关重要的角色，它不仅助我在学术和研究领域取得了显著进步，还极大地增强了我的个人自主性。

首先，通过定期进行反思，我能够更深刻地理解自己在研究和教学中遇到的挑战和成功。这种自我审视促使我不断地评估和调整我的工作策略和方法，使","在中国学术环境中推广反思实践面临的主要障碍包括：

1. **文化因素**：中国的学术文化传统上更倾向于注重结果而非过程，这可能会导致反思实践，作为一种注重过程和思维方式的教育方法，不被充分重视。此外，儒家文化中的权威观念可能也会限制学者和学生对权威知识的质疑和反思。","改善早期职业学者的学术环境，以提高学术满意度和整体学术表现，可以从以下几个方面着手：

1. **增加研究资金和资源支持**：为早期职业学者提供充足的研究资金和资源，包括访问先进的研究工具、数据和技术支持，这有利于他们开展高质量的研究工作。

2. **提供职业发展"
36-40岁,女,3-5年,自然科学,讲师,不太熟悉,每学期,"自我评估, 导师/同事讨论, 学生反馈分析, 教学日志",比较有帮助,"在自然科学领域的教学中，我的最有效的反思实践方法是通过“学习日志+同行评议+案例研讨”的模式进行。

1. **学习日志**：我鼓励学生在学习过程中记录下自己对于理论知识的理解、实验过程中遇到的问题以及解决思路等。这不仅帮助学生形成对知识点的深度反思，同时也为我提供了一个评估他们理解","工作生活平衡, 职业发展不确定性",60小时以上,比较满意,一般,"教学: 40%, 研究: 32%, 行政工作: 19%, 其他: 9%",从不,比较同意,经常,"发表压力, 申请资助","面对学术界的发表压力和资助申请的挑战，我采取了以下几种方法来应对学术焦虑：

1. **时间管理和规划**：我将大目标分解为小目标，为每个研究项目和申请计划制定详细的时间表和里程碑，确保有条不紊地推进工作。

2. **建立支持网络**：我积极参与学术圈内外的交流和合作，与同行建立支持",中立,很少,中立,非常不合理,很少,"提高教学质量: 1, 增强研究能力: 5, 改善时间管理: 5, 减轻工作压力: 2, 明确职业目标: 3",比较有帮助,"反思实践对我的职业发展产生了深远的影响，主要体现在以下几个方面：

1. **增强个人自主性**：
   - **提升自我意识**：通过每学期的反思，我更加清晰地认识到自己的教学风格、优势与不足。这种自我意识的提高使我能够主动寻求改进与创新的方法，而不是被动接受外部的评价与指导。
   - **","在中国学术环境中推广反思实践的主要障碍包括：

1. **评价体系偏重成果导向**：中国的学术评价体系往往更重视可量化的研究成果，如论文发表数量和质量、项目资助等，而不是研究过程中的反思和深度思考。这种倾向导致学者可能将更多精力投入到成果产出上，而忽视了对研究过程和方法","为了改善早期职业学者的学术环境，提高他们的学术满意度和整体学术表现，我建议采取以下措施：

### 1. **提供充足的研究资源和资金支持**
- 确保早期职业学者能够获得必要的研究资源，包括实验材料、数据访问权限和最新的科研设备。
- 增加专门针对早期职业学者"
31-35岁,男,6-8年,工程,讲师,不太熟悉,每天,"同行观察, 研究日志, 学生反馈分析, 自我评估, 导师/同事讨论, 教学日志",一般,"我的最有效的反思实践方法是“结合案例分析与同行评议”。这一方法分为三个主要步骤：

1. **案例分析**：我会从实际工程项目中挑选具有代表性的案例，特别是那些在设计、实施或管理过程中遇到复杂问题的项目。通过深入分析这些案例，我能够识别和反思在实际工作中可能遇到的挑战和解决方案。这不仅帮助我更新","行政工作, 研究压力, 教学负担",40-50小时,一般,非常不好,"教学: 37%, 研究: 45%, 行政工作: 13%, 其他: 5%",经常,非常同意,经常,"同行竞争, 教学评估, 工作不稳定性","面对学术界的种种挑战，我采取了以下方法来应对学术焦虑：

1. **时间管理与规划**：我通过合理安排时间和任务，优先处理紧急且重要的工作，同时为长期目标设立阶段性计划，这帮助我减轻了焦虑感，提高了工作效率。

2. **培养兴趣项目**：我尝试在研究中寻找并专注于我真正感兴趣和",中立,有时,非常鼓励,一般,不确定,"提高教学质量: 2, 增强研究能力: 1, 改善时间管理: 5, 减轻工作压力: 1, 明确职业目标: 4",比较有帮助,"作为一名高校讲师，我深刻认识到反思实践在我的职业发展中扮演了重要角色。这一过程不仅帮助我增强了个人自主性，还显著改善了我的整体学术表现。

首先，反思实践促使我持续审视和评估我的教学方法、研究方向和职业规划，这种自我审视的过程强化了我的个人自主性。我开始更","在中国学术环境中推广反思实践面临的主要障碍可以从几个层面进行分析：

1. **文化因素：** 中国的学术文化传统上更重视知识的积累和传承，而不是个人反思和批判性思维的培养。这导致反思实践在学术界的推广受到限制，尤其是在传统和保守的领域。

2. **教育体系的局限性：","改善早期职业学者的学术环境，提高学术满意度与整体学术表现，需要从以下几个方面考虑：

1. **建立支持性社区**：鼓励学者之间的合作与交流，建立研究小组或学术社区，促进知识共享和资源互助。这样既可以提高研究的质量，也能增强归属感和满意度。

2. **提供专业发展"
25-30岁,女,3-5年,工程,其他,有所了解,每月,"导师/同事讨论, 自我评估, 研究日志, 教学日志",比较有帮助,"在工程领域，我发现将项目经验与理论知识紧密结合，进行深入的案例分析是一种非常有效的反思实践方法。具体来说，我的方法包括以下几个步骤：

1. **项目复盘**: 项目完成后，我会组织团队进行项目复盘，详细回顾项目的每一个阶段，包括设计、实施、测试和交付等。我们会讨论在这些环节中遇到的问题、采取的解决",研究压力,40-50小时,一般,非常好,"教学: 41%, 研究: 38%, 行政工作: 18%, 其他: 3%",从不,非常同意,经常,"同行竞争, 申请资助","应对学术焦虑，我采取了以下几种方法：

1. **时间管理与规划：** 我会合理规划我的研究计划和工作日程，确保每一个项目都有明确的时间表。时间管理的技巧帮助我减少了因紧迫的截止日期而产生的焦虑。

2. **建立支持网络：** 我积极与同事和行业内的朋友建立联系，创建一个既可以提供专业建议，又能相",中立,经常,非常鼓励,比较合理,有时,"提高教学质量: 3, 增强研究能力: 2, 改善时间管理: 2, 减轻工作压力: 3, 明确职业目标: 2",比较有帮助,作为一名高校职业学者，我每月都会进行职业反思实践，这对我的职业发展产生了深远影响。首先，反思实践明显增强了我的个人自主性。通过定期回顾和评估自己的研究、教学和学术交流活动，我能够更清晰地认识到自己的优势和劣势，进而有针对性地规划个人发展路径。例如，通过反思我,"在中国学术环境中推广反思实践面临的主要障碍可以从几个方面来考虑：

1. **学术评价体系：**当前的学术评价体系更偏重于量化指标，如论文发表数量、影响因子等，而不够重视学者的反思能力和实践经验的深度。这种倾向导致学者更多地将时间和精力投入到可以带来直接评价提升的活动中，而非反思实","提高早期职业学者的学术满意度和整体学术表现，需要从多个方面综合施策。以下是一些建议：

1. **提供充足的研究资金和资源**：确保早期职业学者能够获得足够的研究资金，以及访问必需的研究资源和设施。这不仅能够帮助他们执行研究项目，还能提高研究的质"
31-35岁,不愿透露,0-2年,自然科学,讲师,非常熟悉,每周,研究日志,比较有帮助,"在自然科学领域，我的最有效的反思实践方法是通过“实验复盘与文献对照”。这一方法包含以下几个步骤：

1. **实验复盘**：每当完成一项实验后，我会花时间回顾整个实验过程，包括实验设计、实施步骤、遇到的问题及解决方案，以及实验结果。这一步骤帮助我深入理解实验过程中的每个决策点，以及","行政工作, 时间管理, 教学负担",60小时以上,不太满意,非常好,"教学: 36%, 研究: 31%, 行政工作: 22%, 其他: 11%",有时,非常不同意,有时,"发表压力, 申请资助","面对学术焦虑，我采取了以下几种方法来应对：

1. **时间管理**：我通过制定详细的研究计划和时间表来管理我的研究任务和发表目标。这样可以帮助我保持进度，减轻因时间紧迫引发的焦虑。

2. **设定小目标**：我将大的研究目标分解为更小、更易于管理的任务。每完成一个小目标，就给自己一点奖励，这",比较支持,有时,非常鼓励,不太合理,从未,"提高教学质量: 1, 增强研究能力: 3, 改善时间管理: 2, 减轻工作压力: 3, 明确职业目标: 5",比较有帮助,作为一名每周进行反思的讲师，我发现反思实践对我的职业发展产生了深远的影响。首先，这种习惯帮助我增强了个人自主性。通过定期的反思，我能够更加清晰地认识到自己在教学和研究中的优势和不足，进而主动寻求提升的途径。这种自我指导的学习方式促使我不断探索新的教学,"在中国学术环境中推广反思实践的主要障碍可以从几个方面来考虑：

1. **学术评价体系的压力**：中国高校的学术评价体系往往侧重于量化指标，如SCI论文数量、项目资助等，而这些指标往往与反思实践的深度和质量无关。这种以量化指标为核心的评价体系可能导致学者们更多关注于短期的学术产","改善早期职业学者的学术环境，以提高学术满意度和整体学术表现，可以从以下几个方面入手：

1. **增强研究资源和支持**：为早期职业学者提供充分的研究资源，包括资金、实验设施、数据访问和技术支持。建立专门基金支持早期职业阶段的研究项目，减轻资金获取难度，激"
31-35岁,其他,0-2年,其他,助理教授,完全不熟悉,每学期,"教学日志, 导师/同事讨论, 研究日志, 自我评估, 同行观察",比较有帮助,"作为一名早期职业学者，我发现结合书面反思和同行交流是最有效的反思实践方法。具体来说，我遵循以下几个步骤：

1. **书面反思**：每次授课、研究或参与学术活动后，我都会花时间记录下我对这些活动的感受、观察到的问题、以及可能的改进方法。我会特别注意记录下那些没能达到预期的地方，以及可能的原因。","时间管理, 教学负担, 职业发展不确定性",51-60小时,非常不满意,比较好,"教学: 35%, 研究: 32%, 行政工作: 21%, 其他: 12%",经常,非常同意,经常,"同行竞争, 发表压力","面对同行竞争和发表压力带来的学术焦虑，我采取了以下几种方法来应对：

1. **设定实际目标**：我会将长期的目标分解为短期可实现的目标，这样可以更容易地看到进步和成就，从而减少焦虑感。

2. **时间管理**：合理规划时间，确保每天有专门的时间进行研究和写作，同时也留出时间休息和放松，保持工",比较支持,总是,中立,非常合理,有时,"提高教学质量: 3, 增强研究能力: 3, 改善时间管理: 4, 减轻工作压力: 5, 明确职业目标: 4",非常有帮助,作为一名每学期都进行反思实践的助理教授，我发现这一过程对我的职业发展产生了深远的影响。首先，反思实践显著提高了我的个人自主性。通过定期回顾和评估我在教学、研究和服务中的经历，我能够更清晰地识别我自己的长处和改进的领域。这种自我指导的学习过程使我能够主动设定个,"在中国学术环境中推广反思实践的主要障碍可以归纳为以下几点：

1. **传统教育观念的影响**：长期以来，中国的教育体系较为注重知识的灌输和技能的训练，相对较少重视对学生批判性思维和反思能力的培养。这种传统观念对学术环境有着深远的影响，导致反思实","改善早期职业学者的学术环境，以提高学术满意度和整体学术表现，需要综合考虑各方面的因素。以下是一些建议：

1. **提供更多的研究资金支持**：研究资金是早期职业学者开展研究的基础。应通过增加基础研究资金、设立专项基金、提高资金申请的成功率等方式，为早期职业学"
36-40岁,男,8年以上,自然科学,助理教授,比较熟悉,每周,教学日志,比较有帮助,"作为一名自然科学领域的助理教授，我发现最有效的反思实践方法是通过定期进行实验室日志分析和小组讨论。我的具体做法如下：

1. **实验室日志分析**：我鼓励学生在每次实验结束后记录他们的观察、数据、假设验证过程以及任何出乎意料的结果。我会定期审查这些日志，不仅关注实验结果的正确与否，而且深入分",行政工作,60小时以上,不太满意,比较好,"教学: 33%, 研究: 31%, 行政工作: 14%, 其他: 22%",经常,比较同意,经常,"发表压力, 职称评定, 申请资助","作为一名处于学术早期阶段的助理教授，我面临着发表压力、职称评定和资助申请等多重挑战，这些确实会引起一定程度的学术焦虑。为了应对这些压力，我采取了以下几种方法：

1. **时间管理**：我通过合理安排我的工作和休息时间来提高工作效率。这包括为写作、研究、教学和申请资助",比较支持,总是,比较鼓励,非常合理,有时,"提高教学质量: 2, 增强研究能力: 2, 改善时间管理: 4, 减轻工作压力: 2, 明确职业目标: 4",非常有帮助,"作为一名每周进行反思的助理教授，我发现反思实践对我的职业发展产生了显著的正面影响，尤其是在增强个人自主性和改善整体学术表现这两个方面。

首先，反思使我能够更加深入地了解自己的教学和研究方法，从而提高了我的个人自主性。通过定期的反思，我能够识别出哪些战略是有效的，","在中国学术环境中推广反思实践面临的主要障碍，可以从几个维度来理解，特别是考虑到人文社科学者相对于理工科学者更倾向于采用反思实践的现状。

1. **学科文化差异**：人文社科与理工科学者在研究方法、认知风格和学术传统上存在显著差异。人文社科更加强调批判性思维、反思","改善早期职业学者的学术环境，特别是在提高学术满意度和整体学术表现方面，需要一个多方位、综合性的策略。以下是一些建议：

1. **提供持续的职业发展机会**：组织定期的研讨会、工作坊和培训课程，帮助早期职业学者提升研究、写作、教学和数据分析技能。这不仅能提"
36-40岁,其他,8年以上,人文学科,副教授,有所了解,每学期,"同行观察, 自我评估, 研究日志, 学生反馈分析, 教学日志",一般,作为一位人文学科领域的副教授，我认为最有效的反思实践方法是结合写作与小组讨论。首先，我会定期撰写关于教学、研究和学术活动的反思日记。这种写作过程帮助我深入思考自己的教学方法、研究方向以及与学术同行和学生的互动方式，从而识别出哪些做法是有效的，哪些需要改进。我,教学负担,40-50小时,非常满意,一般,"教学: 38%, 研究: 48%, 行政工作: 10%, 其他: 4%",总是,比较同意,经常,"发表压力, 教学评估","面对学术焦虑，我采取了以下几种方法来应对：

1. **时间管理：**我通过制定详细的工作计划和时间表来管理我的研究、教学和个人时间。这有助于我高效地平衡各项任务，减少因时间紧迫而产生的焦虑感。

2. **设立小目标：**将大的项目分解成一系列小目标，这样可以逐步完成，每完成一个小目标都会有成就感，这有助于",中立,有时,不太鼓励,非常合理,有时,"提高教学质量: 2, 增强研究能力: 5, 改善时间管理: 5, 减轻工作压力: 1, 明确职业目标: 4",比较有帮助,"反思实践对我的职业发展产生了深远的影响，尤其是在增强个人自主性和改善整体学术表现这两个方面。

首先，通过每学期的反思，我能够更加主动地识别和解决工作中遇到的问题，而不是被动等待外部的指导或干预。这种习惯使我能够自我调整教学策略，优化研究方法，从而在职业道路上更","在中国学术环境中推广反思实践面临的主要障碍可以概括为以下几点：

1. **传统学术文化的约束**：中国的学术环境传统上更重视知识的积累和传授，而相对较少重视反思性学习和批判性思维的培养。这种文化背景可能导致反思实践在推广时遭到一定程度的忽视或不被充分重视。

2","改善早期职业学者的学术环境，提高学术满意度和整体学术表现，可以从以下几个方面着手：

1. **增加研究资金和资源支持**：为早期职业学者提供稳定和充足的研究资金，以及获取必要研究资源（如实验设备、数据库访问权限等）的途径。这样可以减少他们在资金和资源方面的压力，使他们能"
25-30岁,女,3-5年,自然科学,讲师,不太熟悉,每周,"导师/同事讨论, 学生反馈分析, 同行观察, 自我评估, 研究日志, 教学日志",比较有帮助,"作为自然科学领域的讲师，我发现最有效的反思实践方法是结合实验学习和同行互评。具体来说，我首先鼓励学生在实验室进行实践操作，让他们直接面对实验操作的挑战和问题解决。在此基础上，我引入同行互评环节，让学生们互相评价对方的实验设计和操作过程，以及结果分析的合理性。

通过这种方法，学生不仅",职业发展不确定性,51-60小时,不太满意,比较好,"教学: 35%, 研究: 47%, 行政工作: 17%, 其他: 1%",总是,中立,有时,"职称评定, 工作不稳定性","面对职称评定和工作不稳定性带来的学术焦虑，我采取了以下几种方法来应对：

1. **设定清晰的目标**：我为自己设定了短期和长期的职业目标，这有助于我专注于当前最重要的任务，减少了对不确定因素的过度担忧。

2. **时间管理**：我采用时间管理工具和技巧（例如时间块分配法），合理规划我的研究、",非常支持,经常,非常鼓励,一般,有时,"提高教学质量: 1, 增强研究能力: 3, 改善时间管理: 5, 减轻工作压力: 2, 明确职业目标: 2",比较有帮助,作为一名高校讲师，我每周都会进行一次深入的反思实践，这对我的职业发展产生了显著的正面影响。首先，通过定期的反思，我能够更加深入地理解我的教学方法和研究策略，这不仅增强了我的个人自主性，还使我能够根据学生的反馈和学习成果调整我的教学和研究方法。我认为这种增强的,"在中国学术环境中推广反思实践的主要障碍可以从多个角度来看，具体包括以下几点：

1. **评价体系的导向性**：当前中国的学术评价体系往往更加偏重于量化指标，如论文发表数量、影响因子、项目资助等，而对于个体的思考过程、反思深度和质量的评价则相对较少。这种评价体系的导向可能会导致学者们更多地将","改善早期职业学者的学术环境，以提高学术满意度和整体学术表现，可以从以下几个方面进行考虑：

1. **增加研究资金和资源**：提供充足的研究资助和资源，包括访问先进的研究设施、获得必要的研究材料和工具，以及有机会参与国际会议和研讨。这些都是提升学术"
41岁以上,其他,8年以上,人文学科,副教授,有所了解,每天,"学生反馈分析, 自我评估",非常有帮助,"我在人文学科领域工作多年以来，发现最有效的反思实践方法是结合写作与小组研讨。我的反思实践往往遵循以下几个步骤：

1. **写作**：我会定期写日记或反思性日志，记录我的教学、研究过程中遇到的挑战、成功和失败的经验，以及我对这些经历的感受。这种写作不仅帮助我梳理思绪，还","行政工作, 时间管理, 工作生活平衡",40-50小时,一般,不太好,"教学: 39%, 研究: 39%, 行政工作: 20%, 其他: 2%",有时,比较同意,经常,"发表压力, 同行竞争, 教学评估","作为一名面临发表压力、同行竞争和教学评估的副教授，我采取了以下几种方法来应对学术焦虑：

1. **时间管理和规划：** 我将工作任务分解成小块，并为每一块设置截止日期，这帮助我保持组织性，并避免临近截止日期时的焦虑。

2. **建立支持网络：** 我积极与同事和同行建立联系，这不",中立,有时,比较鼓励,一般,有时,"提高教学质量: 1, 增强研究能力: 5, 改善时间管理: 3, 减轻工作压力: 2, 明确职业目标: 2",比较有帮助,反思实践对我的职业发展产生了深远的影响，尤其是在增强个人自主性和改善整体学术表现这两个方面。首先，通过每天的反思，我能够更深入地了解自己的教学和研究过程，识别出哪些方法有效，哪些需要改进。这种自我审视的习惯使我能够主动调整教学策略和研究方法，而不是被动地,"在中国学术环境中推广反思实践面临的主要障碍可以从多个角度进行分析：

1. **文化因素**：中国的教育传统更加注重知识的传授和记忆，而不是批判性思维和反思。尽管近年来有所改变，但这种根深蒂固的文化倾向仍然影响着学术界的思维方式和实践方法。

2. **评价体系**：中国学术界","改善早期职业学者的学术环境，以提高学术满意度和整体学术表现，可以从以下几个方面着手：

1. **提供充足的资源和支持**：包括研究经费、实验设备、图书资料和技术支持等。这有助于学者更好地进行学术研究，降低因资源限制带来的挫败感。

2. **建立导师支持系统**：为早期职"
41岁以上,女,8年以上,其他,副教授,不太熟悉,每周,同行观察,比较有帮助,"作为一名来自其他学科的副教授，我发现将反思实践融入到我的教学和研究中极为有效。我的方法主要基于以下几个步骤：

1. **写作反思日志**：我鼓励自己在每次授课或研究活动后，撰写一篇简短的反思日志。在这个日志中，我会记录下当天的活动、我对这些活动的初步反应、学生或同行的","研究压力, 教学负担",40-50小时,一般,比较好,"教学: 48%, 研究: 32%, 行政工作: 15%, 其他: 5%",总是,比较同意,经常,"职称评定, 教学评估, 工作不稳定性","面临职称评定、教学评估、以及工作不稳定性带来的学术焦虑是许多副教授共同的经历。作为一名早期职业学者，我采取了以下几种方法来应对这种焦虑：

1. **时间管理和规划：**我尝试将我的研究、教学和服务工作分开，并为每项任务设定优先级和具体时间表。这样有助于我管理各种期限和责任，",比较支持,总是,比较鼓励,不太合理,很少,"提高教学质量: 1, 增强研究能力: 3, 改善时间管理: 2, 减轻工作压力: 1, 明确职业目标: 4",非常有帮助,"作为一名每周进行反思的副教授，我发现反思实践对我的职业发展产生了显著的积极影响，尤其是在增强个人自主性和改善整体学术表现方面。

首先，通过定期的反思，我能够更深入地理解自己的教学和研究过程，这有助于我识别出自己的优势和改进的领域。这种自我认识的提高，","在中国学术环境中推广反思实践面临的主要障碍可以从多个方面来看：

1. **评价体系的压力：**中国高校的学术评价体系往往侧重于量化指标，如SCI/SSCI等国际期刊发表数量、项目申请等。这种评价方式鼓励直接的学术产出，而非过程中的反思与深入思考。尤其是在理工科领域，实证研究和","针对早期职业学者的学术环境改善，我提出以下几点建议，以期提高他们的学术满意度和整体表现：

1. **增加研究资金和资源支持**：提供更多的研究资金和资源，如图书馆资料、实验设备和软件工具，以减轻学者的经济负担，促进他们在学术研究上的深入探索。

2. **促进导"
31-35岁,男,6-8年,自然科学,副教授,比较熟悉,每月,"研究日志, 自我评估, 学生反馈分析, 同行观察",非常有帮助,"在自然科学领域，我的最有效的反思实践方法是结合实验室研究与实际应用的案例分析。这个过程通常遵循以下几个步骤：

1. **实验设计与执行**：每完成一系列实验后，我会详细记录实验设计的初衷、过程中的观察以及最终的结果。这不仅包括成功的实验，也包括那些未能达到预期结果的尝试。

2. **数据分析**","时间管理, 工作生活平衡, 职业发展不确定性",60小时以上,一般,非常好,"教学: 30%, 研究: 50%, 行政工作: 17%, 其他: 3%",从不,比较同意,有时,"发表压力, 同行竞争, 申请资助","作为一位面临各种学术压力的副教授，我采取了以下几种方法来应对学术焦虑：

1. **时间管理**：我通过合理规划我的研究、教学和个人时间，确保每项任务都有充分的时间来完成。这包括使用日历和待办事项列表来追踪重要的截止日期和会议。

2. **建立合作网络**：我通过与国内外同行建立合作关系，共享研",比较支持,很少,中立,一般,很少,"提高教学质量: 5, 增强研究能力: 3, 改善时间管理: 5, 减轻工作压力: 1, 明确职业目标: 3",比较有帮助,作为一位定期进行反思实践的副教授，我发现这一过程对我的职业发展产生了显著而深远的影响。首先，通过定期反思，我能够更加深入地了解自己的教学方法、研究方向以及与学生和同行的互动。这种深度的自我审视增强了我的个人自主性。具体而言，我能够识别出自己工作中的强项和弱点,"在中国学术环境中推广反思实践的主要障碍主要包括以下几点：

1. **传统教育观念的影响**：中国的教育体系长期以来更加注重知识的传授和接收，而非学习者自主思考和反思。这种根深蒂固的教育观念使得反思实践在学术领域的推广面临挑战。

2. **研究评价体","提高早期职业学者的学术满意度和整体学术表现，需要从多方面着手，以下是一些建议：

1. **提供稳定的资金支持**：资金是进行学术研究的基础。提供充足和稳定的研究经费，可以使学者更专注于研究本身，减少对资金的担忧，从而提高学术满意度和研究质量。

2. **加强导"
31-35岁,不愿透露,0-2年,社会科学,其他,不太熟悉,每周,"研究日志, 教学日志, 同行观察",比较有帮助,"在我的社会科学研究中，最有效的反思实践方法是通过日常的研究日志和定期的同行互评。

1. **研究日志**：我每天记录我的研究进展、遇到的问题、灵感和思考。这个过程帮助我追踪我的研究路径，及时调整方向，并深入反思我的研究方法和假设。通过这种方式，我能够清晰地看到我的研究如",职业发展不确定性,60小时以上,一般,非常好,"教学: 36%, 研究: 48%, 行政工作: 21%, 其他: -5%",很少,不太同意,经常,"职称评定, 教学评估","面对职称评定和教学评估带来的学术焦虑，我采取了以下几种方法来应对：

1. **时间管理与计划制定**：我会制定详细的研究和教学计划，包括短期和长期目标，以及完成这些目标的具体步骤。这样有助于我保持焦点，减少因任务积累而产生的焦虑。

2. **专业发展与学习**：我定期参",比较支持,经常,非常鼓励,非常不合理,很少,"提高教学质量: 1, 增强研究能力: 5, 改善时间管理: 2, 减轻工作压力: 2, 明确职业目标: 2",非常有帮助,"作为一名高校的早期职业学者，我认为反思实践对我的职业发展产生了深远的影响，尤其在增强个人自主性和改善整体学术表现方面。

首先，反思实践帮助我增强了个人自主性。通过每周对自己的工作、学习和研究进行反思，我能够更深入地理解自己的优势和劣势，从而更加主动地规","在中国学术环境中推广反思实践所面临的主要障碍可以从几个方面进行分析：

1. **传统学术文化的影响**：中国的学术环境传统上更偏重于量化研究和实证研究，特别是在理工科领域。这种趋势可能会导致对于更主观、基于个人体验的反思实践的不够重视。

2. **评价体系的偏向**：中国高","改善早期职业学者的学术环境的建议可以从以下几个方面考虑：

### 1. 提供充足的研究资源和资金支持
- 确保早期职业学者有稳定的研究经费，减轻资金压力。
- 提供必要的实验设备和研究工具。
- 增加图书馆资源和电子资源的获取渠道。

### 2. 增强学术交流与合作
-"
36-40岁,不愿透露,6-8年,工程,副教授,非常熟悉,很少或从不,"学生反馈分析, 同行观察, 教学日志, 自我评估, 研究日志",比较有帮助,"作为工程领域的副教授，我认为最有效的反思实践方法是""案例研究结合个人日志记录""。这一方法结合了理论与实践、个人与集体的反思。具体做法如下：

1. **案例研究：**选取与课程内容相关的实际工程案例，让学生在解决实际问题的过程中学习。这些案例既包括成功的项目，也包括失败的教训，",职业发展不确定性,60小时以上,比较满意,比较好,"教学: 39%, 研究: 49%, 行政工作: 19%, 其他: -7%",有时,中立,有时,"职称评定, 申请资助","面临职称评定和申请资助的压力，确实容易引发学术焦虑。作为一名早期职业学者，我采取了以下几种方法来应对这种情况：

1. **时间管理与规划：**我使用时间管理工具，如日历、待办事项列表和时间跟踪应用，来合理规划我的研究、教学和申请资助的工作。这帮助我保持焦点，减少了因任务",比较支持,经常,比较鼓励,比较合理,很少,"提高教学质量: 5, 增强研究能力: 3, 改善时间管理: 5, 减轻工作压力: 2, 明确职业目标: 5",比较有帮助,"作为一个很少或从不进行反思实践的副教授，我认识到这一点可能阻碍了我的职业发展，尤其是在增强个人自主性和改善学术表现方面。从调查数据看，大多数同行通过反思实践在这些方面获得了显著改善，这提示我反思的缺失可能是我在这些领域未见明显进步的原因之一。

缺乏反思实践意味着","在中国学术环境中推广反思实践面临的主要障碍可以从多个维度进行分析：

1. **学术评价体系的偏向**：中国的学术评价体系往往偏重于定量评价，如发表论文的数量和质量、项目的资金规模等，而对于反思实践这种难以量化的学术活动给予的重视不足。这导致学者在职业发展过程中可能更偏向于量化指","改善早期职业学者的学术环境，以提高学术满意度和整体学术表现，需要综合策略的支持。以下是一些具体建议：

1. **提供稳定的资金支持：** 确保早期职业学者有稳定的研究资金，可以减轻资金压力，让他们能专注于研究工作。政府和高校可以设立专项基金，支持早期职业学"
41岁以上,其他,0-2年,自然科学,助理教授,有所了解,每周,导师/同事讨论,比较有帮助,"作为自然科学领域的一名助理教授，我认为最有效的反思实践方法是通过结合实验室日志和定期同行评审来进行。具体而言，我的方法包括以下几个步骤：

1. **记录实验室日志**：在日常研究和教学中，我坚持记录详细的实验室日志，不仅包括实验操作、数据收集的过程和结果，还包括我对实验设计、实施过程中","教学负担, 时间管理, 工作生活平衡",40小时以下,一般,一般,"教学: 50%, 研究: 50%, 行政工作: 10%, 其他: -10%",经常,非常同意,有时,"职称评定, 申请资助","面对学术焦虑，我采取了以下几种方法来应对：

1. **设定清晰的目标**：我将大目标分解为小的、可实现的阶段性目标，比如每月或每周的研究和写作计划，这有助于我保持专注并逐步实现长期目标。

2. **时间管理**：我采用时间管理工具和技巧（如番茄工作法）来提高我的工作效率，确保有足够的时间进行研",非常支持,有时,比较鼓励,不太合理,不确定,"提高教学质量: 5, 增强研究能力: 4, 改善时间管理: 5, 减轻工作压力: 5, 明确职业目标: 5",比较有帮助,"反思实践对我作为助理教授的职业发展产生了显著的积极影响，特别是在增强个人自主性和改善整体学术表现这两个方面。

首先，从增强个人自主性的角度来看，定期进行反思使我能够更深入地理解自己的教学和研究方法，以及这些方法如何影响我的学生和同行。这种深度的自我审视帮助我","在中国学术环境中推广反思实践所面临的主要障碍可以从几个方面来考虑：

1. **学术评价体系的压力**：中国的学术评价体系往往偏向于量化指标，如发表论文的数量和质量（基于期刊影响因子），这导致学者更倾向于专注于传统的研究和发表成果，而不是投入时间于反思实践。这种压力在理工科","为改善早期职业学者的学术环境，提高学术满意度和整体学术表现，我建议实施以下措施：

1. **增加研究资金和资源的可获得性**：为早期职业学者提供更多的研究资金和资源，包括实验设备、数据获取渠道和研究材料。这有助于他们更好地开展研究工作，减少因资源限制带来的"
25-30岁,其他,3-5年,工程,其他,比较熟悉,每天,"导师/同事讨论, 学生反馈分析, 研究日志",一般,"在我的工程领域实践中，我发现最有效的反思方法是结合项目复盘与个人日志记录。具体步骤如下：

1. **项目复盘**：每完成一个项目或关键阶段，我会组织团队进行复盘会议。我们讨论项目的成功点和改进区域，特别关注预期与实际结果之间的差异。这不仅帮助团队成员共同学习，还促进了团队间的沟通和理解。

2","教学负担, 职业发展不确定性",40小时以下,比较满意,一般,"教学: 38%, 研究: 40%, 行政工作: 23%, 其他: -1%",经常,比较同意,有时,"同行竞争, 发表压力","面对学术焦虑，我采取了以下几种方法来应对：

1. **时间管理：**我通过合理安排工作与休息时间，优先处理最重要的任务，并设定完成这些任务的具体时间表，以此提高工作效率，减少因时间紧张而产生的焦虑感。

2. **设立小目标：**将大的研究项目分解为小的、可管理的任务，并为每个任务设定明确的完成时间。每完成一个小目标，都会给我带来成",比较支持,经常,比较鼓励,非常不合理,从未,"提高教学质量: 3, 增强研究能力: 4, 改善时间管理: 1, 减轻工作压力: 3, 明确职业目标: 4",比较有帮助,"反思实践对我的职业发展产生了显著的积极影响，特别是在提升个人自主性和改善整体学术表现方面。通过每天的反思，我能够深入理解自己在学术工作中的行为模式、思维习惯，以及这些因素如何影响我的研究成果和教学效果。

首先，反思实践帮助我增强了个人自主性。通过对日常工作","在中国学术环境中推广反思实践面临的主要障碍包括：

1. **文化因素**：中国的学术文化传统上更重视知识的积累和传承，而不是个人的反思和批判性思维。这种文化背景可能导致学者们在应用反思实践时遇到内在的犹豫和阻力。

2. **评价体系**：中国的学术评价体系往往偏重于量化","改善早期职业学者的学术环境，以提高学术满意度和整体学术表现，可以从以下几个方面入手：

1. **增加资源和支持**：为早期职业学者提供更多的研究资金、实验设施和技术支持，可以有效提升他们进行研究的能力和热情。同时，提供专业的职业发展培训和指导，帮助他们掌握更多的"
36-40岁,女,8年以上,社会科学,讲师,非常熟悉,每周,"教学日志, 导师/同事讨论, 自我评估, 同行观察, 研究日志, 学生反馈分析",比较有帮助,"作为一名社会科学领域的讲师，我发现将定期的写作反思与同行交流结合起来是一种非常有效的反思实践方法。我的步骤通常如下：

1. **定期写作**：我会定期（例如，每学期末或每个项目结束后）写下自己的教学或研究过程中的反思，关注于教学方法的有效性、与学生的互动，以及我如何处理特定的挑战和问题。这种写","职业发展不确定性, 工作生活平衡, 教学负担",60小时以上,比较满意,比较好,"教学: 35%, 研究: 38%, 行政工作: 27%, 其他: 0%",从不,中立,总是,"职称评定, 教学评估, 工作不稳定性","面对职称评定、教学评估和工作不稳定性带来的学术焦虑，我采取了以下几种方法来应对：

1. **时间管理和规划**：我会合理规划我的工作和生活，为每项任务设定优先级，确保能够有效地管理时间，减少因任务累积导致的焦虑。

2. **积极的心理调适**：我会通过阅读、冥想、运动等方式来调节自己的情",比较支持,经常,非常鼓励,非常不合理,有时,"提高教学质量: 1, 增强研究能力: 1, 改善时间管理: 2, 减轻工作压力: 3, 明确职业目标: 4",一般,"反思实践对我的职业发展产生了深远的影响，主要表现在以下两个方面：

1. **增强个人自主性**：通过每周的反思，我能够更深入地理解自己的教学方法、学术研究习惯和职业规划的长短期目标。这种深度的自我审视帮助我识别出了需要改进的领域，以及擅长和感兴趣的方向。通过设","在中国学术环境中推广反思实践面临的主要障碍可以归纳为以下几点：

1. **传统教育观念的影响**：在中国的教育环境中，长期以来强调知识的灌输和记忆，而非批判性思维和个人反思。这种传统的教育模式对学生进行了长期的影响，使得学生习惯于被动接受知识，而不是主动","改善早期职业学者的学术环境，以提高学术满意度和整体学术表现，需要多方面的努力。以下是一些建议：

1. **提供充足的研究资源和资金支持**：确保早期职业学者可以轻松获取必要的研究材料、数据和资金支持，以开展他们的研究项目。这包括提供竞争性研究基金、访问先进实"
25-30岁,不愿透露,0-2年,社会科学,副教授,有所了解,很少或从不,"同行观察, 研究日志, 自我评估, 导师/同事讨论, 教学日志, 学生反馈分析",比较有帮助,"作为社会科学领域的副教授，我认为最有效的反思实践方法是结合个案研究与批判性思维的应用。具体而言，我通常采用以下几个步骤来进行反思实践：

1. **个案研究：**选择与我的研究或教学直接相关的具体案例，这些案例可以是历史事件、当前社会现象，或者是特定的社会科学理论和方法的应用。通过","行政工作, 工作生活平衡, 时间管理",40小时以下,比较满意,一般,"教学: 43%, 研究: 31%, 行政工作: 27%, 其他: -1%",很少,非常同意,经常,"发表压力, 职称评定","面对学术焦虑和发表的压力，我采取了以下几种方法来应对：

1. **时间管理**：我通过合理安排工作和休息时间来提高工作效率。这涉及到制定详细的研究计划和时间表，确保每天有固定的研究和写作时间。

2. **设定小目标**：将大的研究项目分解成小的、可实现的任务，每完成一个小目标就给自己一些正向的反",中立,很少,中立,比较合理,很少,"提高教学质量: 5, 增强研究能力: 2, 改善时间管理: 2, 减轻工作压力: 5, 明确职业目标: 2",比较有帮助,作为一名很少或从不进行反思的副教授，我开始认识到反思实践对于职业发展的重要性，尤其是在提升个人自主性和改善学术表现方面。虽然我以前并未将其视为优先事项，但了解到66%的人报告反思实践增强了他们的个人自主性，61%的人报告它改善了他们的整体学术表现后，我开始重新评估我的态度和实,"在中国学术环境中推广反思实践面临的主要障碍可以从以下几个方面进行分析：

1. **传统学术文化的影响**：中国的学术文化传统上较为重视理论知识的传授和积累，对于反思实践这种更加主观、个体化的学习方式可能不够重视。这种文化背景下，学者和学生可能更习惯于接受现成的知识，而不是通过反","提高早期职业学者的学术环境，以增强他们的学术满意度和整体表现，可以从以下几个方面入手：

1. **提供充分的研究资源和资金支持**：确保早期职业学者有足够的资金支持进行研究，包括访问必要的数据库、购买或使用专业软件、参加国内外学术会议等。这能够有效提升他们的研究能力和"
31-35岁,男,6-8年,人文学科,其他,有所了解,每学期,"教学日志, 研究日志",比较有帮助,"作为人文学科领域的早期职业学者，我发现最有效的反思实践方法是通过写作反思日志和同行交流相结合的方式。

1. **写作反思日志**：在每一个研究或教学项目结束后，我会花时间撰写反思日志。在日志中，我会记录项目的目标、实施过程中遇到的挑战、采取的解决策略、项目结果与最初目标的偏差，以及个人的感","时间管理, 职业发展不确定性, 行政工作",51-60小时,比较满意,比较好,"教学: 45%, 研究: 31%, 行政工作: 15%, 其他: 9%",从不,中立,有时,"职称评定, 申请资助","面对职称评定和申请资助时的学术焦虑，我采取了以下几种方法来应对：

1. **时间管理和规划**：我通过制定详细的工作计划和时间表来管理我的研究项目和申请工作，确保有条不紊地推进，避免最后阶段的紧张和焦虑。

2. **专业发展和学习**：我积极参与各种工作坊、研讨会和学术会",中立,很少,比较鼓励,非常不合理,很少,"提高教学质量: 4, 增强研究能力: 4, 改善时间管理: 2, 减轻工作压力: 3, 明确职业目标: 2",比较有帮助,反思实践对我的职业发展产生了显著的正面影响。通过每学期的反思，我能够更深入地理解自己的教学和研究活动，这不仅帮助我识别出了自己的强项和弱点，还使我能够更加有意识地规划我的职业路径，促进了个人自主性的增强。在这个过程中，我发现自己在选择研究项目、设计课程,"在中国学术环境中推广反思实践面临的主要障碍包括但不限于以下几点：

1. **传统学术文化的影响**：中国的学术环境长期以来更重视结果导向和量化评价，如发表论文数量和质量、项目资助等指标，而不是过程导向的如反思实践这样的质性评价。这种文化倾向导致学者们在面对评估和晋升压力时，可能","改善早期职业学者的学术环境，提高学术满意度和整体学术表现，可以从以下几个方面入手：

1. **提供充足的研究资源与支持**：确保早期职业学者可以轻松获取到必要的研究资源，如图书、数据库访问权限、实验设备等。同时，提供充足的研究经费支持，减轻经济压力，使他们能够专注"
41岁以上,其他,3-5年,工程,讲师,比较熟悉,每周,"导师/同事讨论, 教学日志, 自我评估, 学生反馈分析, 同行观察, 研究日志",一般,"作为工程领域的讲师，我发现最有效的反思实践方法是通过案例研究结合个人反思日志。我会要求学生在完成特定的工程案例研究后，撰写个人反思日志。这种方法让学生能够将理论知识与实际情况结合起来，思考在类似情况下他们会如何应对，以及从案例中学到的最重要的课程是什么。

在个人反思日志",研究压力,51-60小时,比较满意,不太好,"教学: 36%, 研究: 33%, 行政工作: 25%, 其他: 6%",经常,中立,有时,"教学评估, 申请资助","面对教学评估和申请资助所带来的学术焦虑，我采取了以下几种方法来应对：

1. **时间管理和规划：** 我利用日历和待办事项列表来规划我的工作和截止日期，确保我可以合理分配时间给教学、研究和资助申请，减少因时间紧迫而产生的焦虑。

2. **专注于过程而非结果：** 我尽量将注意力集中在工作",中立,有时,中立,非常不合理,有时,"提高教学质量: 1, 增强研究能力: 4, 改善时间管理: 2, 减轻工作压力: 1, 明确职业目标: 5",一般,"作为一名定期进行反思实践的高校讲师，我发现这种习惯对我的职业发展产生了极其积极的影响，尤其是在增强个人自主性和改善整体学术表现方面。

首先，通过每周的反思，我能够更深入地理解自己的教学方法和学术研究过程中的优势与不足。这种自我审视让我能够主动发现问题，并针对","在中国学术环境中推广反思实践面临的主要障碍可以从以下几个方面考虑：

1. **学术评价体系**：当前的学术评价体系更倾向于量化的产出，如论文发表数量和质量（影响因子），项目申请等，而反思实践往往是质性的、个人化的，难以量化评估。这导致学者们可能更倾向于专注于能够直接提高学术评","改善早期职业学者的学术环境，以提高其学术满意度和整体学术表现，需要从以下几个方面着手：

1. **建立更加公平的评价体系**：构建一个更为全面和多元化的评价体系，不仅仅侧重于论文发表的数量和质量，还应该考虑到教学质量、学术影响力、社会服务等多方面的贡献。这有助于早期职"
36-40岁,女,3-5年,工程,助理教授,非常熟悉,每天,"研究日志, 自我评估, 教学日志, 导师/同事讨论, 学生反馈分析",一般,"作为工程领域的助理教授，我的最有效的反思实践方法是通过结合案例研究与项目式学习（Project-Based Learning, PBL）。这种方法允许我在教学中融入实际工程问题的解决过程，同时鼓励学生在解决这些问题的过程中进行深入反思。

具体操作步骤如下：

1. **案例选择与分析**：我会选择与课程内容相关且具有实际工程背景","时间管理, 工作生活平衡, 职业发展不确定性",40-50小时,非常满意,比较好,"教学: 48%, 研究: 33%, 行政工作: 17%, 其他: 2%",从不,非常同意,经常,"发表压力, 同行竞争","面对学术焦虑，我采取了以下几个策略来应对：

1. **时间管理：**我使用时间管理工具，如Google日历和Trello看板，来安排我的研究、教学和个人时间。合理安排时间，让我能够有效地平衡各项任务，避免过度紧张和拖延。

2. **设定小目标：**我将大的研究目标分解为一系列的小目标和里程碑。这样做不仅",比较支持,经常,非常鼓励,比较合理,很少,"提高教学质量: 2, 增强研究能力: 5, 改善时间管理: 5, 减轻工作压力: 5, 明确职业目标: 1",比较有帮助,"作为一名助理教授，我认为日常的反思实践对我的职业发展有着深远的影响，尤其是在增强个人自主性和改善整体学术表现两个方面。

首先，通过每日的反思，我能够更深入地理解自己在教学和研究中遇到的问题和挑战。这种深度的自我审视帮助我明确了自己在学术领域内的兴","在中国学术环境中推广反思实践面临的主要障碍可以从几个方面来考虑：

1. **认识层面的差异**：在学术界，尤其是在理工科领域，实证研究和量化分析往往被视为更具权威性和有效性的研究方法。这种倾向可能导致对于反思实践这种更加主观、定性的研究方法的认识不足","改善早期职业学者的学术环境，以提高学术满意度和整体学术表现，可以从以下几个方面入手：

1. **提供稳定的研究资金和资源**：为早期职业学者提供充足的研究资金和资源是基础，可以减少他们的经济压力，让他们能够专注于研究工作，从而提高学术满意度和表现。

2. **建"
31-35岁,女,6-8年,人文学科,助理教授,比较熟悉,每周,"同行观察, 自我评估, 研究日志, 教学日志, 学生反馈分析, 导师/同事讨论",比较有帮助,"作为一名人文学科领域的助理教授，我发现最有效的反思实践方法是结合写作与小组讨论。这个方法具体包括以下几个步骤：

1. **写作反思日志**：我鼓励学生在学习过程中定期写作反思日志，记录他们对课堂讨论、阅读材料以及个人研究的思考和感受。这种写作不仅帮助学生深化对学","研究压力, 工作生活平衡",40-50小时,非常满意,不太好,"教学: 39%, 研究: 35%, 行政工作: 23%, 其他: 3%",有时,非常同意,有时,"同行竞争, 申请资助","面对同行竞争和申请资助过程中的学术焦虑，我采取了以下几种方法来应对：

1. **时间管理和规划**：我通过合理规划我的研究和教学时间来提高工作效率，确保有足够的时间专注于研究项目和资助申请。我还会设定短期和长期目标，帮助自己保持进度和方向。

2. **建立支持网络**：我积极与",不太支持,有时,完全不鼓励,非常合理,从未,"提高教学质量: 1, 增强研究能力: 5, 改善时间管理: 2, 减轻工作压力: 1, 明确职业目标: 3",比较有帮助,"作为一名助理教授，定期进行的反思实践对我的职业发展产生了深远的影响，尤其是在增强个人自主性和改善整体学术表现方面。

首先，从增强个人自主性的角度来看，反思实践让我更加深入地理解了自己的教学和研究方法，以及这些方法背后的理念。通过定期的反思，我开始识别出那些有效的策","在中国学术环境中推广反思实践遇到的主要障碍可以从几个方面来分析：

1. **文化因素**：中国的教育和学术文化传统上更侧重于知识的传授和接受，而非反思和批判性思维的培养。这种文化背景可能使得反思实践在学术界的推广相对困难。

2. **学科差异**：如数据所示，人文社科学者比理","为了改善早期职业学者的学术环境，进而提高他们的学术满意度和整体学术表现，以下几点建议可能会有所帮助：

1. **加强导师支持与指导：**为早期职业学者匹配经验丰富的导师，提供一对一的指导和支持。定期的反馈和讨论会帮助他们更好地定位研究方向，提升研究质"
31-35岁,女,0-2年,自然科学,助理教授,不太熟悉,每周,研究日志,非常有帮助,"作为一名自然科学领域的助理教授，我最有效的反思实践方法是通过""写作与同行评审""。具体过程如下：

1. **记录与写作：**每当完成一个实验、教学活动或研究项目，我会详细记录下过程中的关键决策、假设、结果及遇到的挑战。之后，我会撰写一篇简短的反思报告，其中不仅包括实验或项目的客观结果，","教学负担, 工作生活平衡, 时间管理",40-50小时,不太满意,比较好,"教学: 48%, 研究: 48%, 行政工作: 13%, 其他: -9%",很少,比较同意,有时,"同行竞争, 教学评估, 工作不稳定性","在面对学术焦虑时，我采取了以下几种方法来应对：

1. **建立支持网络**：我尽量与同事建立良好的关系，参与学术社群，与其他学者交流心得与挑战。这样不仅可以获得宝贵的建议，还能感受到同行的支持和理解，减轻孤独感。

2. **设定实际目标**：我会将长期目标分解为一系列短期、可实",中立,从不,非常鼓励,一般,有时,"提高教学质量: 3, 增强研究能力: 4, 改善时间管理: 2, 减轻工作压力: 2, 明确职业目标: 4",比较有帮助,"反思实践对我的职业发展产生了深远的影响，尤其体现在增强个人自主性和改善整体学术表现这两个方面。

首先，从增强个人自主性的角度来看，定期的反思让我更加主动地思考自己的教学和研究方法，而不是被动地接受外界的评价或标准。这种习惯使我能够从自己的经验中学习，并根据这","在中国学术环境中推广反思实践面临几方面的主要障碍：

1. **学术评价体系的偏重**：中国的学术评价体系往往偏重于量化指标，如论文发表数量、影响因子等，而对于反思实践这种质的研究与成果给予的关注不足。这种评价体系的设置使得学者们更倾向于进行可以带来直接量化成果的研究，","改善早期职业学者的学术环境，以提高学术满意度和整体学术表现，需要从多个方面着手。以下是一些建议：

1. **提升研究资源和支持**：为早期职业学者提供充足的研究资金、先进的研究设施和丰富的学术资源。这包括访问最新的学术期刊、数据库、实验室设备和计算资源。确保"
25-30岁,女,6-8年,工程,副教授,非常熟悉,每天,"自我评估, 导师/同事讨论",比较有帮助,"作为一名工程领域的副教授，我认为最有效的反思实践方法是通过项目复盘和案例研究结合的方式。这个过程通常包括以下几个步骤：

1. **项目复盘**：在每个学期或项目结束后，我会组织学生和同事一起回顾项目的各个阶段，包括设计、实施、测试和评估等。我们会详细讨论每个阶段遇到的问题、采取的解","研究压力, 职业发展不确定性, 工作生活平衡",40-50小时,一般,比较好,"教学: 37%, 研究: 49%, 行政工作: 29%, 其他: -15%",从不,中立,经常,"发表压力, 职称评定, 申请资助","面对学术焦虑，我采取了以下几种方法来应对：

1. **时间管理和计划制定**：我会制定详细的研究和发表计划，包括每个项目的时间表和目标。通过明确的时间管理，我能够更加有条理地推进工作，减轻因时间紧迫带来的焦虑感。

2. **质量与数量平衡**：虽然发表数量对职称评定和资助申请很重要，但",中立,有时,非常鼓励,非常合理,有时,"提高教学质量: 1, 增强研究能力: 5, 改善时间管理: 1, 减轻工作压力: 4, 明确职业目标: 1",不太有帮助,"反思实践对我的职业发展具有深远的影响，主要体现在两个方面：增强我的个人自主性和改善我的整体学术表现。

首先，对于增强个人自主性，我通过日常的反思实践，逐渐形成了自我引导的学习和研究习惯。这种习惯促使我主动探索我所关注的学术问题，而不是被动接受已有的观点或方法。通过","在中国学术环境中推广反思实践的主要障碍可以从多个方面考虑：

1. **文化因素：** 传统的教育文化倾向于注重结果和应试教育，而不是过程和个人的反思实践。这种文化背景导致反思实践在学术界的推广面临挑战，因为它要求重新考虑教育和研究的目的和方法。

2. **评价体系：** 目","改善早期职业学者的学术环境是一个多方面的任务，旨在提高他们的学术满意度和整体学术表现。以下是一些建议：

1. **提供专业发展机会**：通过工作坊、研讨会和会议，提供专业发展的机会，帮助早期职业学者提高研究、教学和写作技能。特别是在项目管理、数据分析、学术写作和公共演讲方面"
25-30岁,其他,0-2年,工程,助理教授,比较熟悉,每周,"同行观察, 教学日志, 导师/同事讨论, 研究日志, 学生反馈分析",比较有帮助,"作为一名工程领域的助理教授，我最有效的反思实践方法是结合写作和团队讨论。具体实践如下：

1. **写作反思日志**：每次课程或项目结束后，我会花时间写下自己在教学或研究中遇到的挑战、所采取的解决方案以及结果。这种写作过程帮助我深入思考自己的行为和决策，从而识别出可以",工作生活平衡,60小时以上,比较满意,不太好,"教学: 33%, 研究: 42%, 行政工作: 13%, 其他: 12%",总是,比较同意,经常,"发表压力, 职称评定, 工作不稳定性","面对学术焦虑，我采取了以下几种方法来应对：

1. **时间管理：**我通过使用日历和待办事项列表来管理我的时间，确保有足够的时间用于研究、写作及其他职责。合理规划每一天的工作和休息，避免最后一刻赶工的压力。

2. **设定可实现的目标：**我将大的项目分解为较小、可管理的任务，并设定实际可行的短期目标",非常支持,总是,比较鼓励,比较合理,有时,"提高教学质量: 2, 增强研究能力: 2, 改善时间管理: 2, 减轻工作压力: 1, 明确职业目标: 3",比较有帮助,"作为一名每周进行反思的助理教授，我发现反思实践对我的职业发展产生了显著的正面影响，这主要体现在两个方面：增强个人自主性和改善整体学术表现。

首先，通过定期的反思，我得以深入理解自己的教学和研究过程，识别出那些有效与否效的策略和方法。这种自我审视和评估使我能够更加自","在中国学术环境中推广反思实践面临的主要障碍包括：

1. **传统学术文化和评价体系：**中国的学术评价体系往往偏向于量化指标，如SCI论文数量、影响因子等，这导致学者更多关注于实证研究的产出，而非反思实践本身。人文社科学者虽然更倾向于采用反思实践，但在这种评价体系下，他们也","**改善早期职业学者的学术环境的建议：**

1. **提供稳定的研究资金**：确保早期职业学者有稳定的研究资金支持，减少资金压力，使其能专注于研究工作，这有助于提高学术满意度和学术表现。

2. **建立导师制度**：建立高质量的导师制度，让经验丰富的学者指导"
41岁以上,不愿透露,0-2年,其他,讲师,非常熟悉,每月,"教学日志, 自我评估, 学生反馈分析",非常有帮助,"作为一名讲师，在其他领域进行教学和研究时，我发现最有效的反思实践方法是通过结合写作和团队讨论来进行。

1. **写作反思日志**：我鼓励自己在每次课程结束后，或是完成一个研究阶段后，撰写反思日志。在这个日志中，我会记录下我认为成功的地方、遇到的挑战、学生或同事的反馈、以及我对自己",研究压力,40-50小时,非常满意,一般,"教学: 47%, 研究: 30%, 行政工作: 14%, 其他: 9%",很少,比较同意,总是,"教学评估, 工作不稳定性","面对教学评估和工作不稳定性所带来的学术焦虑，我采取了以下几种方法来应对：

1. **时间管理和规划**：我通过合理规划我的研究、教学和个人时间，确保有足够的时间来准备教学内容和进行学术研究。通过提前规划，我可以减少突发事件对我的影响，减轻压力。

2. **建立支持网络**：我试图与同事",中立,有时,比较鼓励,非常合理,很少,"提高教学质量: 5, 增强研究能力: 2, 改善时间管理: 5, 减轻工作压力: 5, 明确职业目标: 4",比较有帮助,"我的反思实践主要包括对教学内容、教学方法以及与学生互动的定期回顾和评估。这一过程显著影响了我的职业发展，尤其是在增强个人自主性和改善整体学术表现方面。

首先，通过反思实践，我能够更主动地识别并解决教学中遇到的问题。例如，我会在每月末总结当月的教学活动，思考哪些方法最有效","在中国学术环境中推广反思实践面临的主要障碍包括：

1. **传统教育观念的影响**：中国的教育体系长期以来强调知识的灌输和应试教育，相对较少鼓励学生和学者的独立思考与自我反思。这种根深蒂固的教育观念使得反思实践的推广受到了一定的限制。

2. **","改善早期职业学者的学术环境，从而提高他们的学术满意度和整体学术表现，是一个多维度的任务。以下是一些建议：

1. **增加研究资金和资源支持**：提供足够的研究资金和资源是基础，包括实验设备、数据获取、学术会议参与等。这有助于早期职业学者更好地开展研究工作，减少资源限制"
36-40岁,其他,3-5年,自然科学,助理教授,非常熟悉,每周,同行观察,不太有帮助,"作为一名自然科学领域的助理教授，我发现将科研与教学紧密结合起来进行反思实践是最有效的方法。我的反思实践主要包括以下几个步骤：

1. **教学与研究的互动反思**：在进行科研时，我会反思这些研究成果如何转化为教学内容，以及如何通过教学过程进一步深化和扩展我的研究。","行政工作, 职业发展不确定性",40-50小时,比较满意,比较好,"教学: 35%, 研究: 33%, 行政工作: 24%, 其他: 8%",总是,比较同意,总是,"职称评定, 工作不稳定性","面对职称评定和工作不稳定性引起的学术焦虑，我采取了以下几种方法来应对：

1. **设定清晰的目标**：我为自己设定了短期和长期的职业目标，包括发表文章的数量、申请科研项目的计划，以及参与学术会议的频次。这有助于我保持清晰的方向感，避免在学术活动中迷失。

2. **时间管理**：通过合",中立,经常,比较鼓励,比较合理,经常,"提高教学质量: 1, 增强研究能力: 2, 改善时间管理: 5, 减轻工作压力: 1, 明确职业目标: 2",一般,"作为一名助理教授，我发现每周进行的反思实践对我的职业发展产生了显著的积极影响，特别是在增强个人自主性和改善整体学术表现这两个方面。

首先，关于增强个人自主性，我发现定期的反思使我更加深入地理解了自己的教学和研究过程，从而能够更主动地识别问题、设定目标和实施改进","在中国学术环境中推广反思实践面临的主要障碍可以概括为以下几点：

1. **学术评价体系的偏向**：中国的学术评价体系往往偏重于量化指标，如论文发表数量、影响因子、项目资助等，而对于学者的反思能力和实践的深度思考给予的关注不够。这种偏向导致学者更倾向于追求短期的、可量","为改善早期职业学者的学术环境，提高学术满意度和整体学术表现，我建议采取以下措施：

1. **加强导师支持和培训**：设计针对性的导师项目，提供有效的培训和指导，帮助早期职业学者解决学术和职业发展中的困难，从而提高他们的满意度和表现。

2. **提供专业发展机会**："
36-40岁,女,0-2年,社会科学,副教授,完全不熟悉,每周,研究日志,比较有帮助,"作为一名社会科学领域的副教授，我认为最有效的反思实践方法是结合个人日志记录与小组研讨。我的实践方法遵循以下几个步骤：

1. **个人日志记录**：我鼓励自己在每次讲课、研究或参与学术活动后，花时间记录下来自己的感受、观察到的问题以及可能的改进措施。这种自我反思的过程","行政工作, 工作生活平衡, 教学负担",40小时以下,比较满意,比较好,"教学: 43%, 研究: 36%, 行政工作: 22%, 其他: -1%",有时,中立,总是,"发表压力, 工作不稳定性","作为一名面临发表压力和工作不稳定性的副教授，我采取了以下几种方法来应对学术焦虑：

1. **时间管理与计划制定**：我努力提高自己的时间管理能力，为研究、写作、授课及个人时间做出合理规划。通过设定短期和长期目标，我可以更有条理地推进研究工作，减少因紧迫感和不确定性带来",不太支持,有时,非常鼓励,非常不合理,从未,"提高教学质量: 2, 增强研究能力: 2, 改善时间管理: 5, 减轻工作压力: 4, 明确职业目标: 4",一般,"作为一名每周进行反思的副教授，我发现反思实践对我的职业发展产生了显著影响，尤其是在增强个人自主性和改善整体学术表现方面。

首先，反思让我能够深入地理解自己的教学和研究过程，帮助我识别出哪些方法最有效，哪些需要改进。这种自我分析的过程增强了我的个人自主性，因为我","在中国学术环境中推广反思实践的主要障碍主要包括以下几个方面：

1. **评价体系的压力**：当前的学术评价体系过于强调发表数量和期刊等级，而不够重视学术思考的深度和质量。这种评价标准促使学者们更倾向于快速产出而非深入反思。

2. **研究资源的分配**：理工科学者相对于人文社科学","提高早期职业学者的学术满意度和整体学术表现，需要采取综合措施，以建立更加支持和促进其发展的学术环境。以下是一些建议：

1. **增强研究资金和资源的可获取性**：为早期职业学者提供更多的研究资金和资源，包括访问先进实验设备、数据获取和处理工具，以及研究助理的支持。这将"
31-35岁,其他,8年以上,其他,讲师,完全不熟悉,每月,"自我评估, 同行观察",非常有帮助,"作为一名讲师，我认为最有效的反思实践方法是通过写作和小组讨论来进行。

1. **写作反思日志**: 每次授课后，我都会花时间写下当天课程的情况，包括我所采用的教学方法、学生的反应、哪些地方做得好、哪些地方需要改进等。这种写作实践帮助我更深入地思考我的教学方式，并对其进行批判性分析。

2.",行政工作,40-50小时,非常不满意,比较好,"教学: 42%, 研究: 34%, 行政工作: 28%, 其他: -4%",很少,不太同意,有时,"职称评定, 工作不稳定性","面对职称评定和工作不稳定性带来的学术焦虑，我采取了以下几种方法来应对：

1. **时间管理和规划**：我建立了详细的工作计划和时间表，将长期目标分解为短期目标，并为每项任务设定优先级，以确保有效管理时间和精力。这种方法帮助我保持了工作的连续性和进度，减少了因任务积累带来的焦虑。

2. **建",不太支持,有时,非常鼓励,比较合理,有时,"提高教学质量: 1, 增强研究能力: 2, 改善时间管理: 1, 减轻工作压力: 5, 明确职业目标: 3",非常有帮助,反思实践在我的职业发展中起到了至关重要的作用。首先，它极大地增强了我的个人自主性。通过定期的自我反思，我能够更加深入地理解自己的教学方法、研究方向以及与学生互动的方式，并在此基础上做出调整和优化。这种主动的自我评估和调整过程使我能够根据学生的需要和教学环境的变化，灵活地调,"在中国学术环境中推广反思实践的主要障碍可以从几个方面来看：

1. **学术文化和评价体系**：中国的学术评价体系往往偏向于量化的成果，如论文发表数量和质量（特别是SCI、SSCI等国际期刊），这导致学者更倾向于花费时间在能够带来直接评价提升的活动上，而非反思实践。这种评价体系下，人文社","改善早期职业学者的学术环境，以提高学术满意度和整体学术表现，可以从以下几个方面入手：

1. **提供稳定的资金支持**：确保早期职业学者有充足的研究资金，这不仅可以提高他们的研究质量，还能减少因经费问题带来的心理压力，从而提高学术满意度。

2. **增加培训与发展"
41岁以上,不愿透露,6-8年,其他,其他,比较熟悉,每天,"自我评估, 导师/同事讨论, 研究日志, 学生反馈分析",比较有帮助,"作为一位专注于教育技术的学者，我发现结合理论与实践的反思日志是最有效的方法。这个过程大致分为以下几步：

1. **记录实践过程**：在每次教学或研究活动后，我会详细记录所进行的活动、使用的方法、观察到的学生反应和自己的感受。这个阶段更注重于事实和细节，不涉及评价。

2. **理论联系**：回顾","职业发展不确定性, 教学负担, 研究压力",60小时以上,比较满意,一般,"教学: 36%, 研究: 36%, 行政工作: 22%, 其他: 6%",很少,中立,有时,"教学评估, 申请资助","面对学术焦虑，我采取了以下几种方法来应对：

1. **时间管理和规划**：合理规划我的研究、教学和申请资助的时间。通过设定具体目标和期限来提高效率，避免最后一刻的紧张和匆忙。

2. **持续学习**：不断更新我的知识库和研究方法，这不仅有助于提升我的教学和研究质量，也增",比较支持,有时,中立,一般,有时,"提高教学质量: 4, 增强研究能力: 1, 改善时间管理: 4, 减轻工作压力: 4, 明确职业目标: 3",比较有帮助,"反思实践对我的职业发展产生了深远影响，主要表现在增强个人自主性和改善学术表现两个方面。

首先，增强个人自主性方面，通过每天的反思，我能够更清晰地认识到自己在学术研究和教学过程中的优势和不足。这种深入的自我认知促使我能够主动地寻找提升自己能力的途径，而不","在中国学术环境中推广反思实践面临的主要障碍可以从多个方面来考虑：

1. **文化因素**：中国的传统教育文化更注重知识的积累和传授，而不是批判性思维或反思性学习。这种教育模式导致学生和学者往往重视结果而非过程，更倾向于接受现成的知识而非对知识进行深入的反思和批","改善早期职业学者的学术环境，以提高学术满意度和整体学术表现，可以从以下几个方面考虑：

1. **提供稳定的资金支持**：确保早期职业学者有足够的研究经费是非常重要的。这不仅可以帮助他们进行高质量的研究，还可以减少因经费问题带来的压力。可以考虑设立专门针对早期"
31-35岁,女,6-8年,其他,副教授,不太熟悉,每学期,"研究日志, 同行观察",非常有帮助,"作为一名副教授，我认为最有效的反思实践方法是结合日常教学和研究活动的“写作反思”和“同行互评”。具体做法如下：

1. **写作反思**：每次授课、研究或参与学术活动后，我都会花时间写下这次活动的目的、过程、成果以及我自身的感受、思考和可能的改进点。写作反思帮助我以更深入、系统的","教学负担, 工作生活平衡",40小时以下,非常不满意,比较好,"教学: 38%, 研究: 34%, 行政工作: 12%, 其他: 16%",从不,非常同意,有时,"同行竞争, 教学评估","面对同行竞争和教学评估所带来的学术焦虑，我采取了以下几种方法来应对：

1. **设定清晰的目标：**我会根据自己的职业发展路径设定短期和长期目标，包括研究、教学和服务等方面的目标。这有助于我保持焦点，避免因分心于无关紧要的事务而产生不必要的焦虑。

2. **时间管理：**",比较支持,总是,中立,比较合理,不确定,"提高教学质量: 2, 增强研究能力: 5, 改善时间管理: 5, 减轻工作压力: 1, 明确职业目标: 5",不太有帮助,"反思实践对我的职业发展产生了显著的正面影响，尤其是在增强个人自主性和改善整体学术表现这两个方面。

首先，通过每学期进行的反思实践，我能够更深入地理解自己的教学与研究方法，以及它们如何影响学生和同行。这一过程帮助我认识到自己在某些领域的优势和需要改进的地方。","在中国学术环境中推广反思实践面临的主要障碍可以从以下几个方面来考虑：

1. **学术评价体系的压力**：中国的学术评价体系往往更加注重发表数量、项目数量和级别，而不是研究过程中的深度反思和质的提升。这种以量化指标为主的评价体系可能会导致学者们更多地关注于研究产出而非研究过","提高早期职业学者的学术满意度和整体学术表现是一项复杂的任务，需要多方面的努力。以下是一些建议：

1. **提供充足的资源和支持**：确保早期职业学者有足够的研究资金、实验设施和学术资源。这包括图书馆资源、数据库访问权限和最新的科研工具。此外，提供专业的技术和行政支持，以减轻"
36-40岁,不愿透露,0-2年,社会科学,助理教授,比较熟悉,每周,"研究日志, 导师/同事讨论, 教学日志, 自我评估, 同行观察",非常有帮助,作为一名社会科学领域的助理教授，我发现最有效的反思实践方法是通过写作与同行互动结合的方式进行。我通常会在每个学期结束时，就自己在教学、研究和服务工作中的表现进行书面反思。这包括评估我所设立的目标、实现这些目标的程度、遇到的挑战、以及我是如何克服这些挑战的。接着，我会将这些反,"时间管理, 职业发展不确定性, 行政工作",51-60小时,非常满意,一般,"教学: 41%, 研究: 35%, 行政工作: 11%, 其他: 13%",从不,非常同意,总是,"发表压力, 同行竞争, 工作不稳定性","作为一名助理教授，面对发表压力、同行竞争和工作不稳定性带来的学术焦虑，我采取了以下几种方法来应对：

1. **时间管理**：我制定详细的工作计划和时间表，将大的任务分解为小的步骤，并为每一个步骤设定截止日期。这样不仅使工作看起来更可管理，也提高了我的工作效率。

2. **建立支持网络**：我努力",比较支持,经常,比较鼓励,非常合理,从未,"提高教学质量: 3, 增强研究能力: 1, 改善时间管理: 1, 减轻工作压力: 2, 明确职业目标: 5",比较有帮助,"作为一名每周进行反思的助理教授，反思实践对我的职业发展产生了深远的影响。通过定期地回顾我的教学、研究和服务活动，我能够更加深入地理解自己的工作效果、挑战以及成长的机会。这种持续的自我评估和反思促使我成为一个更加自主、更具批判性思维的学术人员。以下是具体的影响：

1","在中国学术环境中推广反思实践的主要障碍可以从以下几个方面来看：

1. **评价体系导向**：中国高等教育和科研机构普遍较为重视发表论文数量和质量，尤其是SCI、EI等国际期刊的论文，作为职称评定、项目资助和学术地位的重要依据。这种以产出导向的评价体制可能导致学者们更多地集中精力于实","为了改善早期职业学者的学术环境，提高学术满意度和整体学术表现，可以考虑以下几个方面的建议：

1. **提供充足的资源和支持**：确保早期职业学者可以轻松访问到必要的资源，包括研究资金、实验室设备、图书资源及在线数据库等。为他们提供足够的行政和技术支持，以减轻他们的负担"
31-35岁,不愿透露,8年以上,其他,助理教授,不太熟悉,每周,"自我评估, 同行观察, 导师/同事讨论",完全没有帮助,"作为一名来自其他领域的助理教授，我发现将理论与实践相结合的反思方法尤为有效。我的方法主要包括以下几个步骤：

1. **实践前的理论学习**：在开始任何新的项目或研究前，我会深入学习相关理论知识，确保自己对领域内的基本概念和最新发展有清晰的认识。这样可以为实践活动提供坚实的","研究压力, 职业发展不确定性",51-60小时,非常不满意,比较好,"教学: 38%, 研究: 45%, 行政工作: 19%, 其他: -2%",有时,比较同意,经常,"发表压力, 教学评估","面对发表压力和教学评估所带来的学术焦虑，我采取了以下几种方法来进行应对：

1. **时间管理**：我努力提高时间管理能力，合理规划我的研究、教学和个人生活，确保有足够的时间用于研究工作，同时也不忽视教学质量。

2. **设立小目标**：将大的研究项目分解为小的、可实现的目标，一步步实现",中立,经常,比较鼓励,不太合理,不确定,"提高教学质量: 1, 增强研究能力: 3, 改善时间管理: 5, 减轻工作压力: 4, 明确职业目标: 5",一般,作为一名每周进行反思的助理教授，我发现反思实践对我的职业发展产生了显著的积极影响。首先，它在增强我的个人自主性方面发挥了重要作用。通过定期反思，我能更深入地理解自己的教学和研究过程，明确我真正感兴趣和擅长的领域。这种自我认识使我能够更有针对性地选择,"在中国学术环境中推广反思实践面临的主要障碍主要包括以下几点：

1. **评价与激励机制不足**：当前中国高校的评价体系往往侧重于量化的研究产出，如SCI论文数量、项目资助等，而对于反思实践这类质性的学术活动关注不足，缺乏足够的激励机制。

2. **学术文化差异**：","改善早期职业学者的学术环境，以提高学术满意度和整体学术表现，需要综合考虑以下几个建议：

1. **增加资金支持和资源获取**：为早期职业学者提供更多的研究资金支持，包括项目资金、设备采购、学术交流等，以减轻财务压力并增强研究能力。同时，通过建立资源共享平台，使他们能更容"
25-30岁,女,6-8年,工程,讲师,比较熟悉,每月,"教学日志, 研究日志, 导师/同事讨论, 自我评估, 学生反馈分析, 同行观察",非常有帮助,"在我作为工程领域讲师的职业生涯中，我发现最有效的反思实践方法是""结合案例研究与个人反思日志""。

首先，我会将实际的工程案例引入课堂，让学生围绕这些案例进行小组讨论，以促使他们从实践角度分析问题和寻找解决方案。此环节能够帮助学生将理论知识与实践应用相结合，增进",工作生活平衡,40-50小时,非常满意,非常好,"教学: 30%, 研究: 40%, 行政工作: 29%, 其他: 1%",很少,非常同意,经常,"发表压力, 职称评定","面对发表压力和职称评定的挑战，我采取了以下几种方法来应对学术焦虑：

1. **制定计划和目标**：我会设定短期和长期的研究与发表目标，并根据这些目标制定详细的工作计划。通过将大目标分解为一系列小目标，我能够更有条理地推进工作，同时也有助于缓解压力。

2. **时间管理**：我会合理安排",比较支持,经常,中立,非常不合理,有时,"提高教学质量: 1, 增强研究能力: 2, 改善时间管理: 1, 减轻工作压力: 1, 明确职业目标: 5",一般,"在我的职业发展中，定期进行反思实践对我产生了深远的影响，尤其在增强个人自主性和改善整体学术表现这两方面尤为显著。

首先，通过每月的反思，我能够深入分析自己的教学方法、研究策略以及职业规划，这个过程帮助我认识到自己的优势与不足。这种自我认知的提升赋","在中国学术环境中推广反思实践所面临的主要障碍可以从几个不同的维度来理解：

1. **文化因素**：中国的教育与学术传统更多侧重于知识的传授和接受，而不是批判性思维和反思性学习。这样的文化背景可能导致反思实践在推广时遇到困难。

2. **资源和时间的限制**：无论是人文社科还是理","改善早期职业学者的学术环境，提高学术满意度和整体表现，需要从以下几个方面入手：

1. **提供充足的研究资源和资金支持**：确保早期职业学者能够获得必要的研究资源，包括资金、实验设备和数据资源等。这将有助于他们顺利开展研究工作，增加研究产出和满意度。

2. **建立"
25-30岁,男,8年以上,人文学科,讲师,不太熟悉,每周,"学生反馈分析, 导师/同事讨论, 同行观察, 自我评估, 研究日志, 教学日志",非常有帮助,"在我作为一名人文学科领域讲师的职业生涯中，最有效的反思实践方法是采用写作日记和同行评审（Peer Review）的结合。以下是具体的做法和原因：

1. **写作日记**：每次授课结束后，我都会花时间记录下课堂上发生的关键事件，学生的反应，以及我个人的感受和思考。这种方法帮助我更加深入地理解课堂互动的",职业发展不确定性,51-60小时,非常满意,一般,"教学: 39%, 研究: 37%, 行政工作: 30%, 其他: -6%",有时,非常同意,经常,"同行竞争, 申请资助","面对同行竞争和申请资助带来的学术焦虑，我采取了以下几种方法来应对：

1. **建立支持网络**：我积极与同行建立联系，参加学术会议和研讨会，以便与其他研究者分享经验、挑战和解决方案。这不仅帮助我扩展了视野，而且还能获得宝贵的建议和支持。

2. **时间管理和规划**",比较支持,经常,不太鼓励,不太合理,很少,"提高教学质量: 4, 增强研究能力: 3, 改善时间管理: 4, 减轻工作压力: 5, 明确职业目标: 2",不太有帮助,"作为一名高校讲师，我每周都会花时间进行职业反思，这个习惯对我的职业发展产生了显著的积极影响，尤其是在增强个人自主性和改善学术表现这两个方面。

首先，通过定期的反思实践，我在增强个人自主性方面取得了显著进展。每次反思让我深入分析自己的教学方法、研究策","在中国学术环境中推广反思实践的主要障碍主要可以从以下几个方面进行分析：

1. **学术评价体系的偏向**：中国的学术评价体系往往偏重于量化指标，如SCI/SSCI论文数量、影响因子等，而反思实践的成果很难通过这些量化指标体现出来。这导致学者为了职业发展而倾向于传统的研究方法和成果发表，","改善早期职业学者的学术环境，以提高其学术满意度和整体学术表现，可以从以下几个方面进行着手：

1. **增加研究资金和资源支持**：为早期职业学者提供充足的研究资金和资源，包括访问国际数据库、最新的研究工具和设备等，以降低研究过程中的物质障碍。

2. **建立导"
41岁以上,不愿透露,8年以上,社会科学,助理教授,非常熟悉,很少或从不,"教学日志, 导师/同事讨论",比较有帮助,"作为社会科学领域的助理教授，我认为最有效的反思实践方法是通过结合理论与实践、案例研究、以及同行互评的方式进行。

1. **结合理论与实践**：我在课程中融合理论讲解与实际案例分析，鼓励学生将理论知识应用于解决实际问题。这种方法促使我不断回顾和反思理论的适用性和局限性，以","时间管理, 职业发展不确定性",40小时以下,不太满意,非常好,"教学: 37%, 研究: 41%, 行政工作: 14%, 其他: 8%",总是,比较同意,从不,"发表压力, 申请资助","面对学术焦虑，我采取了以下几种方法来应对：

1. **时间管理**：我尽量合理规划我的研究时间和休息时间，避免工作和生活的界线模糊，确保有足够的休息和恢复期。使用时间管理工具和技巧，如番茄工作法，来提高工作效率。

2. **设定实际目标**：我设定短期和长期的可实现目标，这样可以让自己",不太支持,有时,比较鼓励,一般,很少,"提高教学质量: 2, 增强研究能力: 4, 改善时间管理: 5, 减轻工作压力: 5, 明确职业目标: 1",一般,"反思实践，即定期回顾和评估自己的教学、研究和职业发展过程，是提升教育质量和个人职业技能的重要工具。作为一名很少或从不进行反思的助理教授，我意识到这种缺失可能限制了我的职业发展，尤其是在提高个人自主性和改善整体学术表现方面。

首先，关于增强个人自主性，反思实","在中国学术环境中推广反思实践的主要障碍可能包括以下几个方面：

1. **传统教育观念的影响**：中国的教育传统较重视知识的灌输和记忆，相对较少鼓励学生的批判性思维和反思能力的培养。这种传统观念对教师和学者的教学方法产生了深远的影响，使得反思实践在","改善早期职业学者的学术环境，以提高学术满意度和整体学术表现，需要从多个维度进行考虑和努力。以下是一些建议：

### 1. 增加研究资金和资源的支持

- 提供充足的研究启动基金，帮助早期职业学者建立和发展自己的研究方向。
- 增加对实验材料、研究软件、数据"
36-40岁,男,3-5年,人文学科,副教授,比较熟悉,每周,"教学日志, 同行观察, 自我评估",不太有帮助,"在我个人的人文学科研究和教学过程中，最有效的反思实践方法是通过写作反思日记和同行评审（peer review）。

1. **写作反思日记**：我定期记录自己的教学和研究经历，包括计划、实施过程、学生反馈、自身感受以及反思。这种方法帮助我深入理解自己的教学和研究方法如何影响学生和学科领域","行政工作, 时间管理",40-50小时,一般,比较好,"教学: 50%, 研究: 31%, 行政工作: 28%, 其他: -9%",经常,比较同意,经常,"发表压力, 同行竞争","面对学术焦虑和压力，我采取了以下策略来应对：

1. **时间管理和规划**：我通过合理规划我的研究、教学和个人时间，优先处理最重要的任务，以提高效率。这包括设立短期和长期目标，并根据实际进展进行调整。

2. **建立支持网络**：我积极与同行建立联系，参加学术会议和研讨会，不仅为了学术交",不太支持,经常,比较鼓励,一般,不确定,"提高教学质量: 1, 增强研究能力: 5, 改善时间管理: 4, 减轻工作压力: 4, 明确职业目标: 4",比较有帮助,作为一名副教授，我发现每周进行的反思实践对我的职业发展具有重大影响。首先，这一习惯帮助我增强了个人自主性。通过定期地回顾我的教学、研究和服务活动，我能够更深入地理解我的职业定位和目标。这种深入的理解让我能够主动地识别新的学习机会和研究方向，而不是被动地等待,"在中国学术环境中推广反思实践面临的主要障碍可以从几个方面来分析：

1. **评价体系的限制**：中国当前的学术评价体系更倾向于量化指标，如论文数量、影响因子、项目资助等。这种偏向量化的评价机制可能导致学者在研究过程中更注重产出的数量和速度，而非反思和深度。这种环境下，学者可能会认为投入时间和","改善早期职业学者的学术环境，提高学术满意度和整体学术表现，需要从以下几个方面入手：

1. **提供充足的研究资源和资金支持**：确保早期职业学者能获得必要的研究经费和资源，包括科研仪器、实验材料、数据资源等，以减少因资源限制而造成的研究障碍。

2. **建立良好的"
36-40岁,男,8年以上,工程,讲师,非常熟悉,每天,"研究日志, 学生反馈分析, 导师/同事讨论, 同行观察, 教学日志, 自我评估",一般,"作为一名工程领域的讲师，我发现最有效的反思实践方法是通过案例分析和项目回顾结合个人日志记录。这一方法分为以下几个步骤：

1. **案例分析**：选取特定的工程案例，让学生们分析项目成功或失败的关键因素。通过这种方式，我不仅能指导学生理解理论与实践之间的联系，而且能激发他们对工程问题的深入思考。

2. **项目回",时间管理,40小时以下,一般,非常好,"教学: 37%, 研究: 47%, 行政工作: 17%, 其他: -1%",有时,中立,有时,"发表压力, 教学评估, 工作不稳定性","面对学术焦虑，我采取了以下几种方法来应对：

1. **时间管理**：我通过制定详细的计划和时间表来管理我的研究、教学和其他职责，以确保有足够的时间来完成各项任务。合理分配时间有助于减少压力感。

2. **设定实际目标**：我确保为自己设定可达成的目标，无论是短期的还是长期的。这有助于我保持动力，",比较支持,有时,中立,不太合理,很少,"提高教学质量: 3, 增强研究能力: 4, 改善时间管理: 5, 减轻工作压力: 2, 明确职业目标: 5",比较有帮助,反思实践对我的职业发展产生了深远的影响。首先，它显著增强了我的个人自主性。通过每天的反思，我能够更加深入地理解自己的教学方法、研究路径以及职业发展中的选择，这使我能够更加主动地掌握自己的职业生涯方向。例如，通过反思我意识到，我对于某些教学方法的运用并不十分有效，这,"在中国学术环境中推广反思实践的主要障碍主要包括以下几个方面：

1. **文化因素**：中国的传统教育文化倾向于注重知识的传授和记忆，而不是批判性思维和自我反思。这种教育方式可能限制了学者对反思实践的采纳。

2. **评价体系**：中国的学术评价体系往往偏向于量化指标，如发表论文","要改善早期职业学者的学术环境，从而提高他们的学术满意度和整体学术表现，可以考虑以下几点建议：

1. **增加研究资助和奖励**：提供更多针对早期职业学者的研究资金，包括项目启动资金、旅游补贴等，以减轻经济压力，激励研究创新。

2. **提供职业"
41岁以上,其他,3-5年,工程,讲师,比较熟悉,每周,"学生反馈分析, 教学日志, 同行观察, 研究日志, 自我评估",比较有帮助,"作为工程领域的讲师，我认为最有效的反思实践方法是“实践-反馈-修正循环”。这个过程大致包括以下几个步骤：

1. **实践动手操作**：鼓励学生通过项目、实验或者设计任务，将理论知识应用到实际问题解决中去。这不仅能增加学生对工程概念的理解，也能提高他们解决问题的能力。

2. **编写反思报","行政工作, 工作生活平衡",60小时以上,不太满意,非常不好,"教学: 44%, 研究: 36%, 行政工作: 26%, 其他: -6%",经常,比较同意,有时,"发表压力, 申请资助","面对发表压力和申请资助的任务，我采取了以下几种方法来应对学术焦虑：

1. **时间管理和规划**：我通过制定详细的研究和工作计划，将大目标分解为一系列小目标，这样可以使任务看起来更具可实现性，减少压力感。

2. **积极交流与合作**：我经常与同行和导师进行交流，分享彼此的研究进展和遇到",比较支持,经常,非常鼓励,比较合理,不确定,"提高教学质量: 1, 增强研究能力: 5, 改善时间管理: 5, 减轻工作压力: 2, 明确职业目标: 1",非常有帮助,作为一名高校讲师，我认为定期进行反思实践对我的职业发展产生了显著且积极的影响。首先，从增强个人自主性的角度来看，反思使我能够更深入地理解我的教学方法和学术研究的效果。通过每周回顾我在课堂上的表现和与学生的互动，我能够识别哪些方法最有效，哪些需要改进。这种自我评,"在中国学术环境中推广反思实践的主要障碍可以从几个维度来考虑：

1. **文化因素**：中国的教育和学术文化传统上更侧重于知识的传授和接收，而不是批判性思维和反思。这种传统可能会限制学者从事深入的反思实践，因为反思要求质疑现有知识和做法，这可能与传统教育理念发生冲","改善早期职业学者的学术环境，以提高学术满意度和整体学术表现，可以从以下几个方面入手：

1. **增加研究资金和资源的可获得性**：为早期职业学者提供稳定的研究资金，以及易于访问的实验材料、数据资源和高级研究设备。这有助于学者们扩展研究范围、提高研究"
25-30岁,女,3-5年,自然科学,助理教授,有所了解,每天,"学生反馈分析, 教学日志, 自我评估, 研究日志, 导师/同事讨论",一般,"作为一名自然科学领域的助理教授，我认为最有效的反思实践方法是通过撰写研究日志和团队讨论来实现的。

首先，研究日志允许我记录下每天的实验设计、结果、思考过程以及遇到的障碍和解决方案。这种方式帮助我在日常忙碌中留出时间来深入思考我的研究方向、实验方法的合理性以及数据的",工作生活平衡,51-60小时,比较满意,比较好,"教学: 36%, 研究: 47%, 行政工作: 29%, 其他: -12%",从不,非常同意,很少,"发表压力, 申请资助","面对学术焦虑，我采取了以下几种方法来应对：

1. **设定实际目标**：我会将长期目标分解成短期可实现的目标，比如每周完成一定量的文献阅读或写作，这样既能保持进度，又能减少因目标遥远而产生的焦虑。

2. **时间管理**：合理规划我的工作和休息时间，使用时间管理工具如日历、待办事项列表等，确保工",比较支持,经常,中立,不太合理,有时,"提高教学质量: 3, 增强研究能力: 1, 改善时间管理: 1, 减轻工作压力: 3, 明确职业目标: 3",非常有帮助,"作为一名每天进行反思的助理教授，我发现反思实践对我的职业发展有着深远的影响，尤其是在增强个人自主性和改善整体学术表现这两个方面。

首先，从增强个人自主性的角度看，通过每天的反思，我能够更深入地理解自己的教学和研究过程，识别出自己的强项和待改进的地方。这种自我认","在中国学术环境中推广反思实践的主要障碍可从以下几个方面进行分析：

1. **文化因素**：中国传统文化强调实践和经验的传承，对于反思和批判性思维的价值认可程度相对较低。这可能导致在学术界，特别是在强调实践操作性较强的理工科领域，反思实践不被普遍重视。

2. **教育体系","改善早期职业学者的学术环境，以提高学术满意度和整体学术表现，需要从以下几个方面入手：

1. **提供充分的研究支持**：确保早期职业学者有足够的研究资金、实验设施和技术支持。为他们提供专业的研究助理、访问学者机会以及参与国际会议的机会，以扩展他们的研"
36-40岁,其他,6-8年,社会科学,助理教授,有所了解,每天,自我评估,一般,"作为一名社会科学领域的助理教授，我发现将理论与实践相结合的反思日志方法最为有效。这种方法包括以下几个步骤：

1. **定期记录：** 在教学和研究过程中，我会定期记录下遇到的挑战、成功案例、意外发现以及个人感受。这有助于我及时捕捉到那些在日常繁忙中可能被忽视的细节。

2.","研究压力, 职业发展不确定性",60小时以上,比较满意,比较好,"教学: 49%, 研究: 40%, 行政工作: 22%, 其他: -11%",经常,比较同意,有时,"职称评定, 工作不稳定性","面对职称评定和工作不稳定性带来的学术焦虑，我采取了以下几种方法来应对：

1. **时间管理和规划**：我制定具体的短期和长期目标，并为每个目标设定时间表。通过这种方式，我可以更有条理地组织我的研究工作和准备职称评定所需的材料，减轻因时间紧迫带来的焦虑。

2. **建立支持网络**：我积",非常支持,很少,非常鼓励,非常不合理,有时,"提高教学质量: 5, 增强研究能力: 4, 改善时间管理: 1, 减轻工作压力: 2, 明确职业目标: 2",一般,"作为一名助理教授，我发现日常的反思实践对我的职业发展产生了显著影响，特别是在增强个人自主性和改善整体学术表现方面。

首先，通过定期反思我的教学和研究过程，我变得更加自主。这种自主性主要体现在能够独立识别和解决问题的能力上。例如，通过反思我的教学方法，我能够识别哪些策","在中国学术环境中推广反思实践面临的主要障碍包括但不限于以下几点：

1. **评价体系的倾向性**：当前的学术评价体系更倾向于量化的研究成果，如SCI论文数量、项目资金等，而反思实践的成果往往难以量化。这导致学者们为了职称晋升或学术声誉，可能更专注于传统的量化研究而非深","改善早期职业学者的学术环境，提高学术满意度和整体学术表现，需要多方面的努力和支持。以下是一些建议：

1. **提供充足的研究资源和资金支持**：确保早期职业学者有足够的研究基金和资源，包括访问数据库、实验材料、研究软件等，减少外部因素对研究的限制。

2. **构建"
41岁以上,不愿透露,6-8年,人文学科,讲师,非常熟悉,每月,"学生反馈分析, 自我评估",比较有帮助,"在人文学科教学中，我发现最有效的反思实践方法是结合写作与小组讨论。具体操作如下：

1. **写作反思：**我鼓励学生在每次课程结束后写下他们的学习心得，特别是关于课堂讨论或阅读材料的思考。这不仅仅是对知识的回顾，更是对个人理解和感受的深入挖掘。写作过程促使学生更加深刻","职业发展不确定性, 研究压力",60小时以上,比较满意,比较好,"教学: 48%, 研究: 44%, 行政工作: 19%, 其他: -11%",经常,不太同意,经常,"同行竞争, 职称评定, 工作不稳定性","面对学术焦虑，我采取了以下几种方法来应对：

1. **时间管理与规划**：我利用日历和待办事项列表来优先处理最重要和紧迫的任务，这有助于减少因任务堆积而产生的焦虑感。

2. **建立支持网络**：我积极与同行建立联系，分享彼此的经验和挑战。这不仅为我提供了实用的建议，也让我意识到自己并不",比较支持,有时,非常鼓励,非常不合理,很少,"提高教学质量: 5, 增强研究能力: 3, 改善时间管理: 4, 减轻工作压力: 5, 明确职业目标: 1",比较有帮助,"反思实践对我的职业发展产生了深远的影响，尤其是在增强个人自主性和改善整体学术表现方面。

首先，通过每月的反思，我能够更加深入地理解自己的教学方法和研究方向，这种自我审视帮助我识别了自己的强项和改进领域。这个过程促进了我的个人自主性，因为它让我能够基于自我反","在中国学术环境中推广反思实践的主要障碍可以从多个方面来考虑：

1. **传统教育观念的影响**：中国的教育体系长期以来更加注重知识的传授和接受，而不是批判性思维或反思性学习。这种根深蒂固的教育观念对推广反思实践构成了障碍。

2. **科研评价体系**：当前","改善早期职业学者的学术环境，提高学术满意度和整体学术表现，需采取多维度策略。以下是一些建议：

1. **加强学术指导与支持：**为早期职业学者匹配经验丰富的导师，提供定期的学术咨询和职业规划指导。通过建立导师制度，早期职业学者可以获得研究方向的指引、"
41岁以上,男,8年以上,社会科学,助理教授,完全不熟悉,每周,"自我评估, 教学日志, 研究日志",一般,"作为社会科学领域的助理教授，我认为最有效的反思实践方法是结合个案研究与反思日记的方式。这一方法涉及以下几个步骤：

1. **个案研究**: 选择与我当前教学或研究主题相关的具体案例，深入分析案例背景、过程及结果。这有助于我将抽象的理论知识与现实情境相连接，理解理论在实践中的应",行政工作,40-50小时,不太满意,比较好,"教学: 36%, 研究: 35%, 行政工作: 19%, 其他: 10%",经常,比较同意,有时,"同行竞争, 工作不稳定性","面对学术界的竞争和工作的不稳定性，我采取了以下几种方法来应对学术焦虑：

1. **时间管理和规划：** 我通过合理规划我的研究、教学和服务工作，确保有充足的时间进行深度的学术研究。使用日历和待办事项列表帮助我追踪重要的截止日期和项目进展。

2. **建立支持网络：** 我积极与同事",比较支持,有时,中立,不太合理,有时,"提高教学质量: 4, 增强研究能力: 5, 改善时间管理: 3, 减轻工作压力: 3, 明确职业目标: 1",比较有帮助,作为一名每周进行反思的助理教授，我发现反思实践对我的职业发展产生了显著的正面影响。首先，这种习惯帮助我增强了个人自主性。通过定期回顾我在教学和研究中的经历、挑战和成就，我能够更清楚地认识到自己的优势和改进的领域。这种自我认识鼓励我设定个人目标,"在中国学术环境中推广反思实践面临的主要障碍包括：

1. **评价体系的压力**：当前的学术评价体系更倾向于量化指标，如发表论文的数量和质量（以期刊影响因子为标准），而不是研究过程中的思考和反思质量。这种偏向促使学者更多关注于产出而非反思过程。

2. **研究文化的差异**：人","针对早期职业学者的学术环境改善，我建议从以下几个方面入手：

1. **增加研究资金支持**：提高研究经费的可获得性，特别是对于早期职业学者。这包括简化申请流程、增加小额资助项目，以及为跨学科研究提供专门资助，从而使研究者能够专注于研究，减少资金压"
31-35岁,男,0-2年,社会科学,其他,非常熟悉,每月,"自我评估, 学生反馈分析",比较有帮助,"在我作为一名社会科学领域的学者中，我认为最有效的反思实践方法是“结构化日志记录与同行互评”。这种方法结合了个人反思与社群互动的优势，促进了深入的学术和个人成长。

首先，我会定期编写反思日志，系统地记录我的研究进展、遇到的挑战、思考的变化以及实践中的新发现。这种结构化的记录不仅帮助",时间管理,51-60小时,非常满意,一般,"教学: 33%, 研究: 45%, 行政工作: 25%, 其他: -3%",从不,比较同意,有时,"职称评定, 申请资助","面对学术焦虑，我采取了以下几种方法来应对：

1. **时间管理与规划**：制定详细的工作计划和时间表，将大的研究项目拆解为小的、可管理的任务，这有助于我更好地控制时间，减少因时间压力带来的焦虑感。

2. **专业交流与合作**：积极参与学术交流活动，与领域内的其他研究者讨论、合作，",中立,有时,中立,一般,从未,"提高教学质量: 1, 增强研究能力: 5, 改善时间管理: 1, 减轻工作压力: 5, 明确职业目标: 2",比较有帮助,"反思实践对我的职业发展产生了深远的影响，尤其是在增强个人自主性和改善学术表现这两个方面。通过每月定期的反思，我能够更深入地理解自己的工作习惯、研究方法和教学策略，从而发现了许多提升的空间。

对于个人自主性的增强，我认为反思实践起到了核心作用。它使我更加主动地","在中国学术环境中推广反思实践面临的主要障碍主要包括以下几个方面：

1. **学术文化传统与评价体系**：中国的学术环境长期以来更加偏重于定量研究和实证研究成果，尤其是在理工科领域。这种倾向导致了对反思实践这种定性研究方法的相对忽视。此外，学术评价体系中对SCI、","改善早期职业学者的学术环境，提高他们的学术满意度和整体学术表现，需要从多个方面着手，具体建议如下：

1. **提供充分的研究资源和支持**：确保早期职业学者能够获得必要的研究资源，包括资金、实验室设备、数据访问权限和专业软件等。同时，提供科研项目申请的指导和支持，帮"
25-30岁,其他,0-2年,社会科学,讲师,比较熟悉,每周,"导师/同事讨论, 学生反馈分析, 自我评估, 同行观察",非常有帮助,"作为一名社会科学领域的讲师，我认为最有效的反思实践方法是结合案例分析与日常教学反思日志。首先，案例分析能够让我深入理解理论与实践之间的联系，通过研究具体案例，我能够更好地理解社会科学理论在现实世界中的应用和影响，这种方法有助于我在教学中更加贴近学生的实际理解和经验。

其次","研究压力, 教学负担",60小时以上,非常满意,不太好,"教学: 32%, 研究: 48%, 行政工作: 30%, 其他: -10%",总是,比较同意,从不,"发表压力, 同行竞争","面对学术焦虑，我采取了以下几种策略来应对：

1. **时间管理：**我尝试通过高效的时间管理技巧来优化我的工作与研究时间。这包括使用时间管理工具，比如番茄工作法，以及制定实际可行的计划和目标，以确保我能够在紧迫的时间表中保持生产力。

2. **专注于质量而非数量：**尽管发表数量在学术界有其重要性，",非常支持,经常,中立,一般,从未,"提高教学质量: 1, 增强研究能力: 1, 改善时间管理: 2, 减轻工作压力: 1, 明确职业目标: 3",一般,"反思实践对我的职业发展产生了深远的影响，主要表现在以下几个方面：

1. **增强个人自主性：**每周的反思使我更加明确个人的教学理念和研究方向，从而提升了决策的自主性。在反思过程中，我能够识别自己的优点和改进空间，这种自我评估促使我更加主动地寻求学习和发展的机会。例如，","在中国学术环境中推广反思实践面临的主要障碍主要可以概括为以下几点：

1. **学术评价体系的压力**：中国高校普遍存在的以发表高影响因子论文为主要评价标准的现象，导致学者们更倾向于追求短期的学术成果，而不是长期的知识积累和思考。这种评价体系往往不鼓励深入的","为了改善早期职业学者的学术环境，提高学术满意度和整体学术表现，我认为可以从以下几个方面入手：

1. **增强研究资源的支持**：提供充足的研究基金、先进的实验设备和丰富的图书资料等，以确保早期职业学者可以顺利开展研究工作。同时，增设研究助理或技术支持岗位"
25-30岁,其他,3-5年,社会科学,其他,完全不熟悉,每周,"导师/同事讨论, 自我评估, 教学日志, 同行观察, 研究日志, 学生反馈分析",比较有帮助,"在我的社会科学研究中，我认为最有效的反思实践方法是“定期日志记录与小组研讨”。这种方法结合了个人反思和集体智慧，具体做法如下：

1. **定期日志记录**：我会在每周的研究过程中记录下遇到的问题、思考的过程、所采取的行动以及其效果。这不仅帮助我追踪研究的进展，而且促使我深",研究压力,40-50小时,非常不满意,非常好,"教学: 35%, 研究: 36%, 行政工作: 21%, 其他: 8%",从不,中立,很少,"职称评定, 教学评估, 申请资助","面对职称评定、教学评估以及申请资助的过程中常伴随的学术焦虑，我采取了以下几种方法来应对：

1. **时间管理与计划制定**：我通过制定详细的工作计划和时间表来确保高效率地完成每项任务。这包括将大项目分解为小的可管理任务，以及为每个任务设置截止日期，这样有助于减少焦虑，因为我可以清楚地看到进展和",中立,经常,比较鼓励,非常合理,很少,"提高教学质量: 3, 增强研究能力: 1, 改善时间管理: 5, 减轻工作压力: 1, 明确职业目标: 5",非常有帮助,"作为一名高校早期职业学者，我每周进行的反思实践对我的职业发展产生了显著影响，尤其是在增强个人自主性和改善整体学术表现方面。

首先，通过定期的反思，我能够更深入地了解自己的研究兴趣、职业目标以及工作中遇到的挑战。这种自我认识的提升使我能够更加自主地规划","在中国学术环境中推广反思实践所面临的主要障碍可以从以下几个方面进行考虑：

1. **学术评价体系的压力**：中国高校普遍存在以发表高影响因子论文为主要学术评价标准的现象。这种评价体系鼓励快速产出研究成果，而不是深入反思研究过程和研究方法。这导致学者们往往将","改善早期职业学者的学术环境是一个多方面的问题，需要从学术制度、资源配备、心理健康支持和职业发展等多个角度综合考虑。以下是一些建议：

1. **建立透明公正的评价体系**：制定明确、公正的评价标准和晋升机制，减少学术界的不确定性和压力。确保评价体系不仅重视发表的数量，也重视研究的"
25-30岁,其他,6-8年,人文学科,其他,有所了解,每周,"同行观察, 学生反馈分析, 教学日志",一般,作为一名从事人文学科研究的学者，我发现结合写作和小组讨论是非常有效的反思实践方法。首先，我会定期撰写研究日志和反思报告，通过写作来沉淀我的思考和经验，这个过程帮助我深入理解研究主题，同时也能够发现自己认知上的盲点或偏差。其次，我非常重视小组讨论，与同行或研究,"行政工作, 教学负担",60小时以上,不太满意,比较好,"教学: 46%, 研究: 39%, 行政工作: 22%, 其他: -7%",很少,非常同意,很少,"发表压力, 教学评估, 申请资助","面对学术焦虑，我采取了几种策略来应对：

1. **时间管理和规划**：我通过制定详细的工作计划和时间表来管理我的研究、教学和申请资助的任务。这有助于我明确优先级，合理分配精力，确保关键任务得到优先处理。

2. **建立合作网络**：与同行建立合作关系，可以共享资源，分担研究和教学任务。这不仅可以",比较支持,经常,比较鼓励,比较合理,有时,"提高教学质量: 1, 增强研究能力: 4, 改善时间管理: 2, 减轻工作压力: 2, 明确职业目标: 2",一般,作为一名每周进行反思的学者，我发现反思实践对我的职业发展产生了深远的影响。首先，通过定期的反思，我能够更加深入地理解自己在学术领域的兴趣和优势，这自然而然地增强了我的个人自主性。例如，当我回顾过去一周的研究活动时，我能够识别出哪些工作是我真正热情和擅长的，,"在中国学术环境中推广反思实践面临的主要障碍可以从多个方面来分析：

1. **教育体系的强调点**：中国的教育体系传统上更侧重于知识的积累和技能的掌握，相对而言，对于批判性思维、反思性学习的重视程度不足。这种教学模式从基础教育延伸到高等教育，导致学生和学","针对改善早期职业学者的学术环境，以期提升学术满意度和整体学术表现，我建议实施以下措施：

1. **加强研究资源的支持**：为早期职业学者提供充足的研究资源，包括资金支持、实验设施和最新的研究资料。这能够减少他们在资源获取上的困难，从而提高研究效率"
41岁以上,不愿透露,3-5年,人文学科,助理教授,比较熟悉,每天,"学生反馈分析, 导师/同事讨论",非常有帮助,"在人文学科领域，我的反思实践主要围绕三个关键方面展开：阅读、写作与讨论。

1. **定期阅读日志**：我保持每日或每周记录阅读日志的习惯，反思所读材料如何与我当前的研究、教学相互关联。这帮助我深化理解，也促进了跨学科的思考。

2. **写作反思**：对于每个研究项目或教学",研究压力,40-50小时,不太满意,不太好,"教学: 48%, 研究: 38%, 行政工作: 12%, 其他: 2%",很少,比较同意,经常,"同行竞争, 申请资助","作为一名助理教授，面对同行竞争和申请资助的压力，学术焦虑是不可避免的。我采取了以下几种方法来应对这种焦虑：

1. **时间管理：**我通过合理规划我的研究、教学和申请资助的时间，确保每项任务都有充足的时间去准备和执行。这有助于我减少因时间紧迫而产生的焦虑。

2. **建",比较支持,很少,中立,非常不合理,有时,"提高教学质量: 5, 增强研究能力: 3, 改善时间管理: 3, 减轻工作压力: 5, 明确职业目标: 3",比较有帮助,"反思实践对我的职业发展产生了深远的影响，这种影响主要体现在个人自主性的增强和学术表现的改善上。

首先，从个人自主性的角度来看，通过每天的反思，我能够更清晰地认识到自己在教学和研究中的优势与不足。这种自我认识促使我主动探索新的学习方法和研究路径，而非被动地等",无回答,无回答
25-30岁,女,3-5年,工程,副教授,非常熟悉,每月,"自我评估, 同行观察, 研究日志",比较有帮助,无回答,"工作生活平衡, 时间管理, 研究压力",60小时以上,非常满意,比较好,"教学: 34%, 研究: 31%, 行政工作: 24%, 其他: 11%",很少,非常同意,很少,"同行竞争, 教学评估, 工作不稳定性",无回答,中立,有时,非常鼓励,非常合理,有时,"提高教学质量: 3, 增强研究能力: 3, 改善时间管理: 4, 减轻工作压力: 1, 明确职业目标: 1",比较有帮助,无回答,无回答,无回答
31-35岁,不愿透露,0-2年,人文学科,讲师,不太熟悉,每天,"导师/同事讨论, 同行观察, 学生反馈分析, 研究日志",比较有帮助,无回答,工作生活平衡,51-60小时,不太满意,比较好,"教学: 38%, 研究: 47%, 行政工作: 14%, 其他: 1%",有时,比较同意,经常,"同行竞争, 教学评估, 发表压力",无回答,非常支持,总是,中立,不太合理,有时,"提高教学质量: 5, 增强研究能力: 3, 改善时间管理: 2, 减轻工作压力: 3, 明确职业目标: 5",完全没有帮助,无回答,无回答,无回答
41岁以上,男,0-2年,人文学科,讲师,完全不熟悉,每周,"学生反馈分析, 研究日志, 同行观察, 自我评估",比较有帮助,无回答,"职业发展不确定性, 教学负担, 工作生活平衡",40小时以下,非常不满意,比较好,"教学: 48%, 研究: 49%, 行政工作: 21%, 其他: -18%",很少,比较同意,总是,"同行竞争, 职称评定, 申请资助",无回答,中立,经常,比较鼓励,一般,有时,"提高教学质量: 1, 增强研究能力: 3, 改善时间管理: 2, 减轻工作压力: 2, 明确职业目标: 2",比较有帮助,无回答,无回答,无回答
41岁以上,女,3-5年,社会科学,讲师,完全不熟悉,每天,"学生反馈分析, 导师/同事讨论",比较有帮助,无回答,时间管理,51-60小时,比较满意,比较好,"教学: 37%, 研究: 44%, 行政工作: 18%, 其他: 1%",从不,中立,经常,"教学评估, 申请资助",无回答,比较支持,有时,非常鼓励,非常合理,有时,"提高教学质量: 4, 增强研究能力: 5, 改善时间管理: 1, 减轻工作压力: 3, 明确职业目标: 3",非常有帮助,无回答,无回答,无回答
36-40岁,其他,3-5年,人文学科,助理教授,非常熟悉,每周,"研究日志, 学生反馈分析, 同行观察, 导师/同事讨论",非常有帮助,无回答,"教学负担, 研究压力",40-50小时,非常不满意,比较好,"教学: 40%, 研究: 32%, 行政工作: 16%, 其他: 12%",总是,非常不同意,有时,"发表压力, 职称评定, 教学评估",无回答,非常不支持,有时,非常鼓励,非常不合理,有时,"提高教学质量: 5, 增强研究能力: 4, 改善时间管理: 5, 减轻工作压力: 3, 明确职业目标: 1",非常有帮助,无回答,无回答,无回答
36-40岁,男,8年以上,自然科学,讲师,比较熟悉,每周,"学生反馈分析, 同行观察, 研究日志, 自我评估, 导师/同事讨论, 教学日志",非常有帮助,无回答,"时间管理, 工作生活平衡, 职业发展不确定性",40-50小时,非常满意,一般,"教学: 41%, 研究: 46%, 行政工作: 30%, 其他: -17%",有时,比较同意,有时,"同行竞争, 教学评估, 申请资助",无回答,中立,很少,比较鼓励,不太合理,从未,"提高教学质量: 4, 增强研究能力: 5, 改善时间管理: 2, 减轻工作压力: 3, 明确职业目标: 1",完全没有帮助,无回答,无回答,无回答
31-35岁,不愿透露,3-5年,其他,讲师,不太熟悉,每周,"研究日志, 同行观察, 教学日志",非常有帮助,无回答,"工作生活平衡, 时间管理, 职业发展不确定性",40-50小时,非常满意,比较好,"教学: 36%, 研究: 36%, 行政工作: 23%, 其他: 5%",从不,非常同意,经常,"发表压力, 职称评定, 申请资助",无回答,不太支持,有时,比较鼓励,非常合理,有时,"提高教学质量: 2, 增强研究能力: 4, 改善时间管理: 3, 减轻工作压力: 5, 明确职业目标: 4",不太有帮助,无回答,无回答,无回答
25-30岁,女,8年以上,人文学科,讲师,比较熟悉,每学期,"教学日志, 研究日志",非常有帮助,无回答,行政工作,51-60小时,不太满意,一般,"教学: 42%, 研究: 44%, 行政工作: 18%, 其他: -4%",很少,非常同意,有时,"职称评定, 教学评估, 申请资助",无回答,比较支持,很少,非常鼓励,非常合理,很少,"提高教学质量: 3, 增强研究能力: 4, 改善时间管理: 3, 减轻工作压力: 3, 明确职业目标: 4",非常有帮助,无回答,无回答,无回答
41岁以上,男,3-5年,社会科学,讲师,有所了解,每周,"学生反馈分析, 研究日志, 导师/同事讨论",比较有帮助,无回答,"时间管理, 教学负担",51-60小时,比较满意,比较好,"教学: 35%, 研究: 39%, 行政工作: 16%, 其他: 10%",从不,比较同意,很少,"发表压力, 职称评定",无回答,中立,经常,比较鼓励,非常合理,有时,"提高教学质量: 5, 增强研究能力: 4, 改善时间管理: 4, 减轻工作压力: 4, 明确职业目标: 4",比较有帮助,无回答,无回答,无回答
41岁以上,女,6-8年,人文学科,其他,比较熟悉,每天,"同行观察, 学生反馈分析, 导师/同事讨论, 自我评估",比较有帮助,无回答,"教学负担, 职业发展不确定性",40-50小时,一般,比较好,"教学: 50%, 研究: 30%, 行政工作: 30%, 其他: -10%",很少,比较同意,有时,"发表压力, 同行竞争, 申请资助",无回答,比较支持,总是,非常鼓励,不太合理,不确定,"提高教学质量: 5, 增强研究能力: 4, 改善时间管理: 2, 减轻工作压力: 1, 明确职业目标: 4",比较有帮助,无回答,无回答,无回答
41岁以上,女,6-8年,自然科学,讲师,非常熟悉,每学期,"研究日志, 同行观察",一般,无回答,教学负担,51-60小时,一般,一般,"教学: 33%, 研究: 42%, 行政工作: 13%, 其他: 12%",很少,中立,经常,"发表压力, 工作不稳定性, 申请资助",无回答,中立,经常,不太鼓励,非常不合理,很少,"提高教学质量: 4, 增强研究能力: 2, 改善时间管理: 2, 减轻工作压力: 2, 明确职业目标: 5",非常有帮助,无回答,无回答,无回答
41岁以上,男,3-5年,自然科学,副教授,比较熟悉,很少或从不,"导师/同事讨论, 研究日志, 学生反馈分析, 同行观察",比较有帮助,无回答,职业发展不确定性,40-50小时,一般,比较好,"教学: 44%, 研究: 36%, 行政工作: 28%, 其他: -8%",经常,非常同意,经常,"发表压力, 申请资助",无回答,比较支持,有时,比较鼓励,不太合理,很少,"提高教学质量: 1, 增强研究能力: 1, 改善时间管理: 4, 减轻工作压力: 2, 明确职业目标: 1",一般,无回答,无回答,无回答
36-40岁,不愿透露,8年以上,其他,副教授,比较熟悉,很少或从不,"导师/同事讨论, 学生反馈分析, 自我评估, 教学日志, 同行观察, 研究日志",非常有帮助,无回答,"时间管理, 研究压力",60小时以上,非常不满意,不太好,"教学: 33%, 研究: 41%, 行政工作: 21%, 其他: 5%",很少,比较同意,总是,"同行竞争, 教学评估, 发表压力",无回答,非常支持,有时,中立,不太合理,有时,"提高教学质量: 4, 增强研究能力: 3, 改善时间管理: 3, 减轻工作压力: 5, 明确职业目标: 1",比较有帮助,无回答,无回答,无回答
41岁以上,不愿透露,3-5年,工程,其他,比较熟悉,每周,"自我评估, 同行观察, 研究日志",一般,无回答,"时间管理, 教学负担, 工作生活平衡",40小时以下,不太满意,非常好,"教学: 41%, 研究: 36%, 行政工作: 23%, 其他: 0%",总是,比较同意,很少,"发表压力, 申请资助",无回答,中立,有时,比较鼓励,不太合理,有时,"提高教学质量: 3, 增强研究能力: 1, 改善时间管理: 5, 减轻工作压力: 2, 明确职业目标: 1",非常有帮助,无回答,无回答,无回答
31-35岁,男,3-5年,人文学科,助理教授,非常熟悉,每天,"教学日志, 自我评估",一般,无回答,"教学负担, 工作生活平衡, 时间管理",40小时以下,不太满意,比较好,"教学: 47%, 研究: 44%, 行政工作: 23%, 其他: -14%",经常,中立,经常,"发表压力, 工作不稳定性, 申请资助",无回答,不太支持,有时,比较鼓励,一般,有时,"提高教学质量: 3, 增强研究能力: 2, 改善时间管理: 4, 减轻工作压力: 4, 明确职业目标: 4",非常有帮助,无回答,无回答,无回答
36-40岁,男,6-8年,其他,副教授,比较熟悉,每天,"学生反馈分析, 教学日志",不太有帮助,无回答,"工作生活平衡, 教学负担",40-50小时,不太满意,一般,"教学: 38%, 研究: 37%, 行政工作: 23%, 其他: 2%",很少,非常同意,经常,"发表压力, 教学评估, 申请资助",无回答,不太支持,很少,中立,非常合理,有时,"提高教学质量: 4, 增强研究能力: 5, 改善时间管理: 1, 减轻工作压力: 4, 明确职业目标: 1",不太有帮助,无回答,无回答,无回答
36-40岁,女,0-2年,自然科学,助理教授,有所了解,每周,"自我评估, 同行观察",比较有帮助,无回答,研究压力,40小时以下,一般,比较好,"教学: 36%, 研究: 34%, 行政工作: 22%, 其他: 8%",经常,比较同意,有时,"发表压力, 申请资助",无回答,中立,经常,中立,一般,很少,"提高教学质量: 2, 增强研究能力: 5, 改善时间管理: 4, 减轻工作压力: 5, 明确职业目标: 3",不太有帮助,无回答,无回答,无回答
25-30岁,不愿透露,8年以上,其他,讲师,不太熟悉,每天,导师/同事讨论,非常有帮助,无回答,工作生活平衡,40-50小时,不太满意,比较好,"教学: 43%, 研究: 45%, 行政工作: 22%, 其他: -10%",有时,比较同意,总是,发表压力,无回答,非常支持,经常,比较鼓励,非常合理,很少,"提高教学质量: 3, 增强研究能力: 4, 改善时间管理: 4, 减轻工作压力: 3, 明确职业目标: 3",一般,无回答,无回答,无回答
31-35岁,不愿透露,6-8年,社会科学,助理教授,不太熟悉,每月,"同行观察, 自我评估, 导师/同事讨论, 教学日志, 研究日志, 学生反馈分析",比较有帮助,无回答,行政工作,51-60小时,非常满意,比较好,"教学: 48%, 研究: 46%, 行政工作: 20%, 其他: -14%",很少,中立,总是,"发表压力, 职称评定",无回答,非常支持,很少,中立,非常不合理,很少,"提高教学质量: 5, 增强研究能力: 3, 改善时间管理: 1, 减轻工作压力: 1, 明确职业目标: 4",一般,无回答,无回答,无回答
25-30岁,男,0-2年,工程,助理教授,有所了解,每周,导师/同事讨论,比较有帮助,无回答,工作生活平衡,40小时以下,非常满意,比较好,"教学: 36%, 研究: 36%, 行政工作: 28%, 其他: 0%",经常,非常同意,很少,"发表压力, 职称评定",无回答,比较支持,有时,中立,比较合理,有时,"提高教学质量: 2, 增强研究能力: 4, 改善时间管理: 3, 减轻工作压力: 1, 明确职业目标: 2",不太有帮助,无回答,无回答,无回答
25-30岁,其他,8年以上,自然科学,讲师,非常熟悉,每周,"导师/同事讨论, 同行观察, 研究日志",比较有帮助,无回答,教学负担,40-50小时,非常不满意,比较好,"教学: 45%, 研究: 41%, 行政工作: 12%, 其他: 2%",总是,非常同意,经常,"发表压力, 职称评定, 工作不稳定性",无回答,比较支持,总是,非常鼓励,非常合理,经常,"提高教学质量: 2, 增强研究能力: 2, 改善时间管理: 5, 减轻工作压力: 3, 明确职业目标: 3",不太有帮助,无回答,无回答,无回答
31-35岁,男,0-2年,其他,其他,完全不熟悉,每周,学生反馈分析,比较有帮助,无回答,"教学负担, 时间管理, 行政工作",40小时以下,非常满意,非常好,"教学: 37%, 研究: 30%, 行政工作: 18%, 其他: 15%",有时,比较同意,经常,"同行竞争, 发表压力, 申请资助",无回答,非常不支持,经常,中立,不太合理,有时,"提高教学质量: 3, 增强研究能力: 5, 改善时间管理: 1, 减轻工作压力: 4, 明确职业目标: 4",非常有帮助,无回答,无回答,无回答
25-30岁,其他,8年以上,其他,其他,不太熟悉,每周,研究日志,比较有帮助,无回答,"教学负担, 研究压力",51-60小时,不太满意,一般,"教学: 39%, 研究: 38%, 行政工作: 28%, 其他: -5%",总是,非常同意,总是,"发表压力, 申请资助",无回答,比较支持,经常,比较鼓励,不太合理,很少,"提高教学质量: 1, 增强研究能力: 5, 改善时间管理: 4, 减轻工作压力: 4, 明确职业目标: 3",比较有帮助,无回答,无回答,无回答
41岁以上,其他,3-5年,其他,其他,有所了解,每周,导师/同事讨论,非常有帮助,无回答,时间管理,40-50小时,非常满意,一般,"教学: 48%, 研究: 37%, 行政工作: 15%, 其他: 0%",有时,不太同意,有时,"发表压力, 职称评定, 工作不稳定性",无回答,比较支持,很少,不太鼓励,一般,有时,"提高教学质量: 5, 增强研究能力: 2, 改善时间管理: 3, 减轻工作压力: 1, 明确职业目标: 5",非常有帮助,无回答,无回答,无回答
31-35岁,女,3-5年,自然科学,其他,有所了解,每周,"研究日志, 同行观察",非常有帮助,无回答,"行政工作, 职业发展不确定性, 教学负担",60小时以上,一般,非常好,"教学: 32%, 研究: 48%, 行政工作: 23%, 其他: -3%",从不,不太同意,很少,"教学评估, 工作不稳定性, 申请资助",无回答,中立,很少,比较鼓励,非常不合理,从未,"提高教学质量: 2, 增强研究能力: 2, 改善时间管理: 1, 减轻工作压力: 4, 明确职业目标: 2",不太有帮助,无回答,无回答,无回答
41岁以上,其他,6-8年,人文学科,讲师,非常熟悉,每周,"同行观察, 导师/同事讨论, 研究日志, 自我评估, 学生反馈分析, 教学日志",比较有帮助,无回答,"工作生活平衡, 职业发展不确定性",40-50小时,非常满意,比较好,"教学: 32%, 研究: 35%, 行政工作: 22%, 其他: 11%",从不,不太同意,有时,"发表压力, 教学评估, 工作不稳定性",无回答,比较支持,有时,非常鼓励,不太合理,有时,"提高教学质量: 4, 增强研究能力: 2, 改善时间管理: 5, 减轻工作压力: 3, 明确职业目标: 5",比较有帮助,无回答,无回答,无回答
36-40岁,其他,8年以上,自然科学,其他,不太熟悉,每天,"自我评估, 同行观察, 导师/同事讨论",完全没有帮助,无回答,研究压力,40小时以下,非常不满意,非常好,"教学: 44%, 研究: 31%, 行政工作: 16%, 其他: 9%",很少,不太同意,经常,"职称评定, 教学评估",无回答,比较支持,从不,不太鼓励,一般,有时,"提高教学质量: 2, 增强研究能力: 5, 改善时间管理: 4, 减轻工作压力: 4, 明确职业目标: 4",一般,无回答,无回答,无回答
36-40岁,女,6-8年,社会科学,讲师,完全不熟悉,每周,"同行观察, 自我评估, 导师/同事讨论, 教学日志, 研究日志, 学生反馈分析",一般,无回答,教学负担,51-60小时,非常满意,比较好,"教学: 33%, 研究: 47%, 行政工作: 16%, 其他: 4%",从不,比较同意,有时,"同行竞争, 职称评定, 发表压力",无回答,中立,有时,中立,一般,很少,"提高教学质量: 3, 增强研究能力: 2, 改善时间管理: 2, 减轻工作压力: 4, 明确职业目标: 5",一般,无回答,无回答,无回答
36-40岁,男,3-5年,工程,讲师,有所了解,每周,"自我评估, 教学日志, 研究日志, 同行观察, 学生反馈分析",一般,无回答,"教学负担, 研究压力, 工作生活平衡",51-60小时,比较满意,非常好,"教学: 45%, 研究: 32%, 行政工作: 20%, 其他: 3%",很少,比较同意,经常,"发表压力, 教学评估, 工作不稳定性",无回答,不太支持,有时,不太鼓励,一般,有时,"提高教学质量: 3, 增强研究能力: 1, 改善时间管理: 5, 减轻工作压力: 1, 明确职业目标: 2",非常有帮助,无回答,无回答,无回答
31-35岁,男,0-2年,其他,其他,有所了解,每周,教学日志,一般,无回答,"教学负担, 时间管理",51-60小时,非常满意,比较好,"教学: 31%, 研究: 43%, 行政工作: 22%, 其他: 4%",总是,中立,有时,"发表压力, 职称评定, 工作不稳定性",无回答,中立,经常,比较鼓励,非常不合理,从未,"提高教学质量: 2, 增强研究能力: 2, 改善时间管理: 4, 减轻工作压力: 1, 明确职业目标: 3",非常有帮助,无回答,无回答,无回答
25-30岁,不愿透露,6-8年,社会科学,副教授,不太熟悉,很少或从不,"研究日志, 同行观察, 导师/同事讨论, 自我评估",一般,无回答,"教学负担, 职业发展不确定性, 时间管理",40-50小时,不太满意,非常不好,"教学: 47%, 研究: 42%, 行政工作: 24%, 其他: -13%",从不,非常不同意,经常,"同行竞争, 职称评定, 申请资助",无回答,比较支持,经常,中立,非常合理,经常,"提高教学质量: 5, 增强研究能力: 1, 改善时间管理: 5, 减轻工作压力: 2, 明确职业目标: 3",比较有帮助,无回答,无回答,无回答
25-30岁,男,8年以上,人文学科,副教授,完全不熟悉,每周,"同行观察, 导师/同事讨论, 研究日志, 教学日志, 自我评估",非常有帮助,无回答,"职业发展不确定性, 时间管理",60小时以上,一般,比较好,"教学: 42%, 研究: 34%, 行政工作: 22%, 其他: 2%",很少,比较同意,有时,"发表压力, 同行竞争, 工作不稳定性",无回答,比较支持,很少,中立,不太合理,不确定,"提高教学质量: 5, 增强研究能力: 4, 改善时间管理: 1, 减轻工作压力: 1, 明确职业目标: 1",比较有帮助,无回答,无回答,无回答
41岁以上,其他,3-5年,自然科学,助理教授,有所了解,每周,"研究日志, 导师/同事讨论, 自我评估, 学生反馈分析, 同行观察",比较有帮助,无回答,"时间管理, 教学负担",40-50小时,比较满意,非常好,"教学: 49%, 研究: 33%, 行政工作: 15%, 其他: 3%",经常,不太同意,总是,"发表压力, 职称评定",无回答,中立,有时,中立,比较合理,有时,"提高教学质量: 5, 增强研究能力: 4, 改善时间管理: 2, 减轻工作压力: 4, 明确职业目标: 3",不太有帮助,无回答,无回答,无回答
36-40岁,男,8年以上,自然科学,讲师,完全不熟悉,每月,"同行观察, 教学日志, 学生反馈分析, 研究日志",非常有帮助,无回答,工作生活平衡,60小时以上,比较满意,比较好,"教学: 39%, 研究: 42%, 行政工作: 23%, 其他: -4%",总是,比较同意,经常,"发表压力, 工作不稳定性, 申请资助",无回答,不太支持,有时,非常鼓励,非常合理,有时,"提高教学质量: 1, 增强研究能力: 2, 改善时间管理: 4, 减轻工作压力: 5, 明确职业目标: 1",比较有帮助,无回答,无回答,无回答
31-35岁,女,8年以上,工程,助理教授,不太熟悉,每月,"自我评估, 教学日志",非常有帮助,无回答,"教学负担, 职业发展不确定性, 研究压力",40小时以下,非常不满意,比较好,"教学: 36%, 研究: 41%, 行政工作: 28%, 其他: -5%",从不,非常同意,经常,"发表压力, 教学评估, 申请资助",无回答,比较支持,经常,比较鼓励,非常不合理,很少,"提高教学质量: 3, 增强研究能力: 4, 改善时间管理: 4, 减轻工作压力: 2, 明确职业目标: 4",比较有帮助,无回答,无回答,无回答
25-30岁,不愿透露,0-2年,人文学科,副教授,非常熟悉,每周,教学日志,非常有帮助,无回答,"行政工作, 教学负担, 职业发展不确定性",51-60小时,非常满意,一般,"教学: 36%, 研究: 48%, 行政工作: 28%, 其他: -12%",从不,比较同意,有时,"发表压力, 同行竞争, 教学评估",无回答,非常支持,很少,比较鼓励,非常不合理,有时,"提高教学质量: 2, 增强研究能力: 5, 改善时间管理: 1, 减轻工作压力: 3, 明确职业目标: 2",不太有帮助,无回答,无回答,无回答
41岁以上,男,0-2年,工程,其他,非常熟悉,每月,学生反馈分析,比较有帮助,无回答,"研究压力, 行政工作, 教学负担",60小时以上,一般,非常好,"教学: 37%, 研究: 35%, 行政工作: 28%, 其他: 0%",经常,非常不同意,有时,"发表压力, 职称评定",无回答,非常支持,经常,中立,非常不合理,很少,"提高教学质量: 5, 增强研究能力: 3, 改善时间管理: 3, 减轻工作压力: 1, 明确职业目标: 1",非常有帮助,无回答,无回答,无回答
41岁以上,不愿透露,8年以上,人文学科,讲师,有所了解,每周,"同行观察, 导师/同事讨论, 自我评估, 教学日志, 研究日志, 学生反馈分析",一般,无回答,行政工作,40-50小时,非常不满意,比较好,"教学: 47%, 研究: 47%, 行政工作: 18%, 其他: -12%",很少,比较同意,总是,"同行竞争, 发表压力, 申请资助",无回答,中立,总是,不太鼓励,不太合理,经常,"提高教学质量: 3, 增强研究能力: 1, 改善时间管理: 5, 减轻工作压力: 5, 明确职业目标: 5",一般,无回答,无回答,无回答
31-35岁,其他,8年以上,其他,副教授,不太熟悉,每月,"导师/同事讨论, 研究日志, 教学日志",一般,无回答,"时间管理, 教学负担",51-60小时,一般,非常好,"教学: 48%, 研究: 38%, 行政工作: 27%, 其他: -13%",很少,中立,经常,"职称评定, 申请资助",无回答,中立,总是,中立,不太合理,有时,"提高教学质量: 3, 增强研究能力: 2, 改善时间管理: 2, 减轻工作压力: 3, 明确职业目标: 3",一般,无回答,无回答,无回答
36-40岁,不愿透露,8年以上,其他,其他,非常熟悉,每天,"学生反馈分析, 自我评估, 同行观察",不太有帮助,无回答,"研究压力, 工作生活平衡, 职业发展不确定性",60小时以上,一般,比较好,"教学: 42%, 研究: 50%, 行政工作: 30%, 其他: -22%",有时,比较同意,有时,"同行竞争, 发表压力, 工作不稳定性",无回答,非常支持,经常,不太鼓励,非常合理,有时,"提高教学质量: 3, 增强研究能力: 3, 改善时间管理: 1, 减轻工作压力: 4, 明确职业目标: 4",比较有帮助,无回答,无回答,无回答
36-40岁,其他,0-2年,人文学科,讲师,比较熟悉,每周,"研究日志, 导师/同事讨论",非常有帮助,无回答,"行政工作, 时间管理, 研究压力",40小时以下,比较满意,比较好,"教学: 43%, 研究: 43%, 行政工作: 20%, 其他: -6%",有时,非常同意,经常,"职称评定, 申请资助",无回答,非常支持,经常,比较鼓励,一般,很少,"提高教学质量: 1, 增强研究能力: 5, 改善时间管理: 2, 减轻工作压力: 2, 明确职业目标: 2",非常有帮助,无回答,无回答,无回答
31-35岁,男,0-2年,社会科学,其他,比较熟悉,每周,"学生反馈分析, 自我评估, 研究日志, 导师/同事讨论",比较有帮助,无回答,"教学负担, 行政工作",40小时以下,一般,非常好,"教学: 36%, 研究: 37%, 行政工作: 30%, 其他: -3%",总是,比较同意,总是,"同行竞争, 职称评定, 教学评估",无回答,中立,经常,中立,非常合理,很少,"提高教学质量: 3, 增强研究能力: 2, 改善时间管理: 1, 减轻工作压力: 3, 明确职业目标: 3",比较有帮助,无回答,无回答,无回答
31-35岁,女,8年以上,人文学科,助理教授,完全不熟悉,每周,同行观察,比较有帮助,无回答,工作生活平衡,40-50小时,非常满意,比较好,"教学: 44%, 研究: 31%, 行政工作: 29%, 其他: -4%",有时,比较同意,有时,"教学评估, 申请资助",无回答,非常支持,经常,比较鼓励,不太合理,有时,"提高教学质量: 3, 增强研究能力: 1, 改善时间管理: 2, 减轻工作压力: 5, 明确职业目标: 3",一般,无回答,无回答,无回答
41岁以上,其他,0-2年,人文学科,其他,不太熟悉,每天,"学生反馈分析, 研究日志",一般,无回答,"行政工作, 职业发展不确定性",60小时以上,非常不满意,比较好,"教学: 39%, 研究: 45%, 行政工作: 19%, 其他: -3%",从不,中立,经常,教学评估,无回答,比较支持,总是,中立,比较合理,有时,"提高教学质量: 4, 增强研究能力: 2, 改善时间管理: 5, 减轻工作压力: 4, 明确职业目标: 3",比较有帮助,无回答,无回答,无回答
25-30岁,其他,8年以上,社会科学,讲师,完全不熟悉,每学期,"学生反馈分析, 教学日志",非常有帮助,无回答,行政工作,51-60小时,一般,一般,"教学: 41%, 研究: 48%, 行政工作: 28%, 其他: -17%",很少,比较同意,很少,"发表压力, 教学评估, 申请资助",无回答,非常支持,经常,中立,非常不合理,有时,"提高教学质量: 4, 增强研究能力: 2, 改善时间管理: 2, 减轻工作压力: 2, 明确职业目标: 3",非常有帮助,无回答,无回答,无回答
41岁以上,其他,3-5年,人文学科,助理教授,有所了解,每周,"同行观察, 教学日志, 研究日志",一般,无回答,"时间管理, 研究压力, 工作生活平衡",40小时以下,非常不满意,一般,"教学: 36%, 研究: 32%, 行政工作: 22%, 其他: 10%",经常,中立,经常,"同行竞争, 教学评估",无回答,中立,有时,中立,非常合理,从未,"提高教学质量: 2, 增强研究能力: 5, 改善时间管理: 2, 减轻工作压力: 4, 明确职业目标: 5",非常有帮助,无回答,无回答,无回答
41岁以上,男,6-8年,人文学科,助理教授,非常熟悉,每天,"学生反馈分析, 导师/同事讨论",非常有帮助,无回答,"研究压力, 行政工作, 工作生活平衡",40-50小时,非常不满意,比较好,"教学: 50%, 研究: 40%, 行政工作: 30%, 其他: -20%",有时,中立,总是,"工作不稳定性, 申请资助",无回答,比较支持,经常,中立,一般,很少,"提高教学质量: 1, 增强研究能力: 2, 改善时间管理: 3, 减轻工作压力: 4, 明确职业目标: 4",完全没有帮助,无回答,无回答,无回答
31-35岁,其他,3-5年,社会科学,副教授,比较熟悉,每周,"教学日志, 自我评估, 导师/同事讨论",比较有帮助,无回答,职业发展不确定性,51-60小时,不太满意,非常好,"教学: 40%, 研究: 46%, 行政工作: 27%, 其他: -13%",很少,比较同意,经常,"职称评定, 教学评估, 申请资助",无回答,比较支持,很少,比较鼓励,比较合理,有时,"提高教学质量: 5, 增强研究能力: 4, 改善时间管理: 4, 减轻工作压力: 2, 明确职业目标: 2",比较有帮助,无回答,无回答,无回答
31-35岁,男,3-5年,工程,助理教授,不太熟悉,很少或从不,"同行观察, 学生反馈分析, 导师/同事讨论, 自我评估, 研究日志",比较有帮助,无回答,"行政工作, 工作生活平衡",60小时以上,一般,比较好,"教学: 39%, 研究: 35%, 行政工作: 16%, 其他: 10%",总是,非常同意,有时,"同行竞争, 职称评定, 教学评估",无回答,比较支持,经常,中立,不太合理,有时,"提高教学质量: 4, 增强研究能力: 2, 改善时间管理: 1, 减轻工作压力: 1, 明确职业目标: 3",比较有帮助,无回答,无回答,无回答
31-35岁,男,6-8年,人文学科,副教授,不太熟悉,每周,"学生反馈分析, 研究日志, 同行观察, 自我评估, 教学日志, 导师/同事讨论",比较有帮助,无回答,"研究压力, 职业发展不确定性",40-50小时,非常不满意,比较好,"教学: 38%, 研究: 43%, 行政工作: 14%, 其他: 5%",经常,比较同意,总是,"发表压力, 职称评定",无回答,比较支持,总是,比较鼓励,一般,不确定,"提高教学质量: 2, 增强研究能力: 4, 改善时间管理: 3, 减轻工作压力: 1, 明确职业目标: 5",比较有帮助,无回答,无回答,无回答
31-35岁,其他,6-8年,社会科学,讲师,非常熟悉,每周,"研究日志, 导师/同事讨论, 自我评估, 学生反馈分析",比较有帮助,无回答,"职业发展不确定性, 时间管理, 工作生活平衡",60小时以上,不太满意,比较好,"教学: 47%, 研究: 42%, 行政工作: 19%, 其他: -8%",经常,比较同意,总是,"教学评估, 工作不稳定性",无回答,比较支持,经常,比较鼓励,一般,很少,"提高教学质量: 3, 增强研究能力: 1, 改善时间管理: 5, 减轻工作压力: 5, 明确职业目标: 2",比较有帮助,无回答,无回答,无回答
41岁以上,女,8年以上,人文学科,副教授,不太熟悉,每月,"学生反馈分析, 自我评估, 导师/同事讨论, 教学日志",比较有帮助,无回答,"工作生活平衡, 研究压力, 时间管理",60小时以上,一般,一般,"教学: 49%, 研究: 32%, 行政工作: 29%, 其他: -10%",经常,比较同意,经常,"发表压力, 申请资助",无回答,比较支持,很少,中立,比较合理,有时,"提高教学质量: 1, 增强研究能力: 1, 改善时间管理: 5, 减轻工作压力: 2, 明确职业目标: 1",比较有帮助,无回答,无回答,无回答
25-30岁,其他,3-5年,自然科学,助理教授,有所了解,每周,"导师/同事讨论, 自我评估",比较有帮助,无回答,"职业发展不确定性, 工作生活平衡, 行政工作",51-60小时,比较满意,一般,"教学: 40%, 研究: 34%, 行政工作: 16%, 其他: 10%",经常,比较同意,有时,"发表压力, 职称评定",无回答,比较支持,总是,比较鼓励,非常合理,很少,"提高教学质量: 2, 增强研究能力: 3, 改善时间管理: 2, 减轻工作压力: 4, 明确职业目标: 4",比较有帮助,无回答,无回答,无回答
36-40岁,其他,0-2年,自然科学,助理教授,比较熟悉,每月,"同行观察, 教学日志, 研究日志",非常有帮助,无回答,"时间管理, 教学负担",40-50小时,非常不满意,比较好,"教学: 40%, 研究: 45%, 行政工作: 10%, 其他: 5%",有时,比较同意,经常,"发表压力, 职称评定, 教学评估",无回答,比较支持,经常,比较鼓励,非常合理,从未,"提高教学质量: 4, 增强研究能力: 2, 改善时间管理: 5, 减轻工作压力: 5, 明确职业目标: 1",不太有帮助,无回答,无回答,无回答
31-35岁,女,0-2年,工程,副教授,完全不熟悉,每周,"研究日志, 教学日志, 同行观察, 自我评估, 导师/同事讨论, 学生反馈分析",非常有帮助,无回答,研究压力,60小时以上,非常不满意,比较好,"教学: 34%, 研究: 34%, 行政工作: 30%, 其他: 2%",有时,非常同意,有时,同行竞争,无回答,比较支持,经常,不太鼓励,比较合理,从未,"提高教学质量: 4, 增强研究能力: 3, 改善时间管理: 4, 减轻工作压力: 4, 明确职业目标: 4",比较有帮助,无回答,无回答,无回答
31-35岁,其他,8年以上,社会科学,其他,完全不熟悉,每周,导师/同事讨论,不太有帮助,无回答,"时间管理, 研究压力, 教学负担",51-60小时,非常满意,比较好,"教学: 48%, 研究: 43%, 行政工作: 19%, 其他: -10%",很少,不太同意,有时,"发表压力, 工作不稳定性, 申请资助",无回答,中立,有时,比较鼓励,非常不合理,很少,"提高教学质量: 5, 增强研究能力: 3, 改善时间管理: 5, 减轻工作压力: 4, 明确职业目标: 5",比较有帮助,无回答,无回答,无回答
31-35岁,女,0-2年,社会科学,讲师,非常熟悉,每月,"研究日志, 导师/同事讨论, 学生反馈分析",非常有帮助,无回答,"职业发展不确定性, 教学负担, 研究压力",60小时以上,非常满意,非常好,"教学: 43%, 研究: 34%, 行政工作: 28%, 其他: -5%",很少,不太同意,经常,"同行竞争, 职称评定",无回答,比较支持,总是,非常鼓励,非常不合理,很少,"提高教学质量: 5, 增强研究能力: 2, 改善时间管理: 2, 减轻工作压力: 2, 明确职业目标: 3",非常有帮助,无回答,无回答,无回答
25-30岁,男,6-8年,社会科学,助理教授,比较熟悉,每月,"导师/同事讨论, 研究日志, 同行观察",非常有帮助,无回答,"时间管理, 工作生活平衡, 行政工作",40-50小时,非常满意,比较好,"教学: 42%, 研究: 32%, 行政工作: 17%, 其他: 9%",有时,非常不同意,经常,"发表压力, 教学评估, 工作不稳定性",无回答,比较支持,很少,中立,非常合理,很少,"提高教学质量: 5, 增强研究能力: 1, 改善时间管理: 5, 减轻工作压力: 1, 明确职业目标: 5",非常有帮助,无回答,无回答,无回答
36-40岁,其他,3-5年,人文学科,副教授,完全不熟悉,每月,"同行观察, 导师/同事讨论",一般,无回答,"时间管理, 职业发展不确定性, 教学负担",40小时以下,比较满意,比较好,"教学: 46%, 研究: 34%, 行政工作: 26%, 其他: -6%",经常,中立,有时,"同行竞争, 职称评定",无回答,比较支持,有时,中立,不太合理,有时,"提高教学质量: 4, 增强研究能力: 3, 改善时间管理: 5, 减轻工作压力: 1, 明确职业目标: 4",非常有帮助,无回答,无回答,无回答
41岁以上,不愿透露,3-5年,人文学科,讲师,比较熟悉,每月,"自我评估, 导师/同事讨论",比较有帮助,无回答,职业发展不确定性,60小时以上,比较满意,不太好,"教学: 31%, 研究: 37%, 行政工作: 20%, 其他: 12%",经常,比较同意,经常,"职称评定, 申请资助",无回答,非常支持,经常,中立,非常合理,有时,"提高教学质量: 2, 增强研究能力: 4, 改善时间管理: 2, 减轻工作压力: 2, 明确职业目标: 3",一般,无回答,无回答,无回答
31-35岁,男,0-2年,社会科学,助理教授,完全不熟悉,每周,"研究日志, 自我评估, 教学日志, 同行观察, 学生反馈分析, 导师/同事讨论",非常有帮助,无回答,时间管理,40-50小时,非常满意,非常好,"教学: 39%, 研究: 34%, 行政工作: 22%, 其他: 5%",总是,非常同意,总是,"职称评定, 工作不稳定性, 申请资助",无回答,比较支持,有时,中立,一般,从未,"提高教学质量: 4, 增强研究能力: 2, 改善时间管理: 2, 减轻工作压力: 3, 明确职业目标: 3",完全没有帮助,无回答,无回答,无回答
25-30岁,不愿透露,6-8年,自然科学,副教授,非常熟悉,每月,"研究日志, 导师/同事讨论, 自我评估, 同行观察, 教学日志",非常有帮助,无回答,"时间管理, 研究压力, 教学负担",51-60小时,非常不满意,非常不好,"教学: 34%, 研究: 37%, 行政工作: 18%, 其他: 11%",从不,不太同意,经常,"同行竞争, 发表压力",无回答,中立,有时,比较鼓励,非常合理,从未,"提高教学质量: 2, 增强研究能力: 3, 改善时间管理: 4, 减轻工作压力: 5, 明确职业目标: 1",一般,无回答,无回答,无回答
25-30岁,其他,8年以上,人文学科,讲师,不太熟悉,每周,"学生反馈分析, 研究日志, 同行观察, 教学日志",比较有帮助,无回答,行政工作,60小时以上,非常满意,一般,"教学: 33%, 研究: 38%, 行政工作: 26%, 其他: 3%",很少,非常同意,经常,"教学评估, 申请资助",无回答,中立,总是,比较鼓励,非常合理,有时,"提高教学质量: 2, 增强研究能力: 4, 改善时间管理: 3, 减轻工作压力: 3, 明确职业目标: 5",比较有帮助,无回答,无回答,无回答
41岁以上,女,6-8年,人文学科,助理教授,比较熟悉,每周,"教学日志, 学生反馈分析, 自我评估, 导师/同事讨论",比较有帮助,无回答,"研究压力, 工作生活平衡, 时间管理",40小时以下,非常不满意,一般,"教学: 39%, 研究: 44%, 行政工作: 24%, 其他: -7%",有时,非常同意,经常,"工作不稳定性, 申请资助",无回答,比较支持,经常,比较鼓励,不太合理,有时,"提高教学质量: 3, 增强研究能力: 4, 改善时间管理: 2, 减轻工作压力: 3, 明确职业目标: 5",比较有帮助,无回答,无回答,无回答
31-35岁,女,0-2年,其他,其他,完全不熟悉,每月,"导师/同事讨论, 同行观察, 自我评估, 研究日志, 学生反馈分析",比较有帮助,无回答,"工作生活平衡, 教学负担, 职业发展不确定性",40小时以下,不太满意,不太好,"教学: 46%, 研究: 49%, 行政工作: 28%, 其他: -23%",很少,比较同意,经常,"发表压力, 教学评估, 申请资助",无回答,比较支持,有时,比较鼓励,一般,很少,"提高教学质量: 4, 增强研究能力: 2, 改善时间管理: 2, 减轻工作压力: 2, 明确职业目标: 3",非常有帮助,无回答,无回答,无回答
36-40岁,女,6-8年,其他,助理教授,完全不熟悉,每周,"自我评估, 同行观察, 研究日志, 导师/同事讨论, 教学日志, 学生反馈分析",非常有帮助,无回答,"研究压力, 行政工作, 教学负担",60小时以上,不太满意,比较好,"教学: 45%, 研究: 41%, 行政工作: 11%, 其他: 3%",从不,比较同意,很少,"同行竞争, 职称评定, 教学评估",无回答,比较支持,总是,中立,不太合理,很少,"提高教学质量: 2, 增强研究能力: 5, 改善时间管理: 2, 减轻工作压力: 1, 明确职业目标: 1",比较有帮助,无回答,无回答,无回答
31-35岁,女,0-2年,社会科学,讲师,有所了解,每月,"学生反馈分析, 研究日志",非常有帮助,无回答,"行政工作, 工作生活平衡, 研究压力",60小时以上,非常满意,不太好,"教学: 41%, 研究: 44%, 行政工作: 15%, 其他: 0%",从不,非常同意,总是,"发表压力, 申请资助",无回答,不太支持,经常,比较鼓励,一般,很少,"提高教学质量: 2, 增强研究能力: 2, 改善时间管理: 1, 减轻工作压力: 3, 明确职业目标: 1",一般,无回答,无回答,无回答
25-30岁,不愿透露,8年以上,其他,其他,不太熟悉,每周,"教学日志, 学生反馈分析, 同行观察",非常有帮助,无回答,"行政工作, 教学负担",60小时以上,比较满意,一般,"教学: 50%, 研究: 49%, 行政工作: 24%, 其他: -23%",从不,比较同意,有时,"职称评定, 教学评估, 申请资助",无回答,不太支持,很少,中立,不太合理,从未,"提高教学质量: 2, 增强研究能力: 1, 改善时间管理: 4, 减轻工作压力: 1, 明确职业目标: 2",比较有帮助,无回答,无回答,无回答
25-30岁,男,0-2年,其他,助理教授,比较熟悉,每天,"学生反馈分析, 导师/同事讨论, 同行观察, 教学日志, 研究日志",非常有帮助,无回答,职业发展不确定性,51-60小时,非常满意,比较好,"教学: 45%, 研究: 46%, 行政工作: 16%, 其他: -7%",有时,不太同意,经常,"同行竞争, 职称评定",无回答,中立,有时,比较鼓励,非常合理,从未,"提高教学质量: 4, 增强研究能力: 2, 改善时间管理: 3, 减轻工作压力: 5, 明确职业目标: 4",完全没有帮助,无回答,无回答,无回答
36-40岁,其他,6-8年,其他,讲师,有所了解,每周,"学生反馈分析, 导师/同事讨论, 研究日志",非常有帮助,无回答,"研究压力, 工作生活平衡, 时间管理",51-60小时,非常满意,不太好,"教学: 34%, 研究: 37%, 行政工作: 26%, 其他: 3%",从不,比较同意,经常,"同行竞争, 教学评估, 发表压力",无回答,比较支持,有时,比较鼓励,不太合理,很少,"提高教学质量: 5, 增强研究能力: 1, 改善时间管理: 5, 减轻工作压力: 1, 明确职业目标: 5",不太有帮助,无回答,无回答,无回答
31-35岁,男,3-5年,自然科学,助理教授,有所了解,每月,"自我评估, 学生反馈分析, 教学日志, 同行观察, 研究日志, 导师/同事讨论",非常有帮助,无回答,职业发展不确定性,40-50小时,不太满意,一般,"教学: 34%, 研究: 34%, 行政工作: 13%, 其他: 19%",从不,非常同意,有时,"职称评定, 工作不稳定性, 申请资助",无回答,中立,有时,非常鼓励,非常不合理,不确定,"提高教学质量: 4, 增强研究能力: 4, 改善时间管理: 2, 减轻工作压力: 5, 明确职业目标: 3",一般,无回答,无回答,无回答
25-30岁,不愿透露,6-8年,社会科学,助理教授,比较熟悉,每周,"自我评估, 教学日志",完全没有帮助,无回答,"时间管理, 职业发展不确定性",40-50小时,非常不满意,比较好,"教学: 30%, 研究: 32%, 行政工作: 16%, 其他: 22%",从不,中立,从不,"职称评定, 教学评估, 工作不稳定性",无回答,中立,有时,比较鼓励,一般,很少,"提高教学质量: 3, 增强研究能力: 4, 改善时间管理: 3, 减轻工作压力: 3, 明确职业目标: 3",比较有帮助,无回答,无回答,无回答
41岁以上,男,0-2年,自然科学,助理教授,完全不熟悉,很少或从不,"学生反馈分析, 教学日志, 导师/同事讨论, 同行观察, 研究日志",比较有帮助,无回答,研究压力,51-60小时,一般,非常好,"教学: 44%, 研究: 35%, 行政工作: 12%, 其他: 9%",很少,非常同意,总是,"发表压力, 职称评定",无回答,中立,很少,比较鼓励,非常合理,有时,"提高教学质量: 4, 增强研究能力: 4, 改善时间管理: 5, 减轻工作压力: 2, 明确职业目标: 4",非常有帮助,无回答,无回答,无回答
36-40岁,女,0-2年,社会科学,其他,完全不熟悉,每月,"自我评估, 教学日志",比较有帮助,无回答,"时间管理, 教学负担, 职业发展不确定性",60小时以上,不太满意,比较好,"教学: 32%, 研究: 43%, 行政工作: 25%, 其他: 0%",很少,比较同意,经常,职称评定,无回答,非常支持,经常,中立,不太合理,从未,"提高教学质量: 3, 增强研究能力: 4, 改善时间管理: 2, 减轻工作压力: 5, 明确职业目标: 3",比较有帮助,无回答,无回答,无回答
31-35岁,不愿透露,0-2年,工程,副教授,有所了解,每周,"导师/同事讨论, 同行观察, 教学日志, 研究日志, 自我评估",比较有帮助,无回答,职业发展不确定性,51-60小时,比较满意,比较好,"教学: 41%, 研究: 30%, 行政工作: 13%, 其他: 16%",总是,比较同意,经常,"职称评定, 工作不稳定性",无回答,非常不支持,经常,非常鼓励,非常合理,从未,"提高教学质量: 2, 增强研究能力: 5, 改善时间管理: 5, 减轻工作压力: 2, 明确职业目标: 2",一般,无回答,无回答,无回答
36-40岁,女,0-2年,其他,讲师,不太熟悉,每周,"自我评估, 研究日志, 导师/同事讨论, 同行观察, 学生反馈分析",一般,无回答,"行政工作, 研究压力",51-60小时,比较满意,比较好,"教学: 36%, 研究: 34%, 行政工作: 21%, 其他: 9%",总是,比较同意,经常,"发表压力, 同行竞争, 工作不稳定性",无回答,比较支持,经常,中立,非常不合理,很少,"提高教学质量: 2, 增强研究能力: 1, 改善时间管理: 1, 减轻工作压力: 2, 明确职业目标: 1",比较有帮助,无回答,无回答,无回答
36-40岁,不愿透露,0-2年,自然科学,助理教授,不太熟悉,每月,研究日志,一般,无回答,"研究压力, 行政工作",51-60小时,非常不满意,非常不好,"教学: 30%, 研究: 45%, 行政工作: 22%, 其他: 3%",很少,比较同意,经常,"同行竞争, 职称评定, 申请资助",无回答,中立,有时,中立,比较合理,经常,"提高教学质量: 5, 增强研究能力: 2, 改善时间管理: 4, 减轻工作压力: 5, 明确职业目标: 2",一般,无回答,无回答,无回答
36-40岁,其他,6-8年,其他,副教授,完全不熟悉,每周,"自我评估, 教学日志",非常有帮助,无回答,"工作生活平衡, 教学负担",60小时以上,比较满意,比较好,"教学: 47%, 研究: 32%, 行政工作: 10%, 其他: 11%",很少,不太同意,经常,"同行竞争, 职称评定, 申请资助",无回答,中立,有时,中立,一般,从未,"提高教学质量: 2, 增强研究能力: 1, 改善时间管理: 4, 减轻工作压力: 5, 明确职业目标: 4",非常有帮助,无回答,无回答,无回答
36-40岁,女,0-2年,其他,助理教授,比较熟悉,每周,"导师/同事讨论, 自我评估, 教学日志",非常有帮助,无回答,教学负担,60小时以上,不太满意,比较好,"教学: 50%, 研究: 48%, 行政工作: 15%, 其他: -13%",经常,比较同意,总是,"发表压力, 工作不稳定性",无回答,比较支持,经常,比较鼓励,非常不合理,从未,"提高教学质量: 1, 增强研究能力: 1, 改善时间管理: 1, 减轻工作压力: 3, 明确职业目标: 1",比较有帮助,无回答,无回答,无回答
41岁以上,其他,3-5年,其他,其他,非常熟悉,每周,"研究日志, 学生反馈分析",一般,无回答,"时间管理, 教学负担, 行政工作",40-50小时,非常满意,非常好,"教学: 34%, 研究: 38%, 行政工作: 29%, 其他: -1%",有时,比较同意,很少,"发表压力, 职称评定",无回答,不太支持,经常,中立,非常合理,有时,"提高教学质量: 5, 增强研究能力: 2, 改善时间管理: 4, 减轻工作压力: 2, 明确职业目标: 4",比较有帮助,无回答,无回答,无回答
25-30岁,男,6-8年,其他,讲师,有所了解,每周,"学生反馈分析, 教学日志, 导师/同事讨论, 同行观察",比较有帮助,无回答,行政工作,40-50小时,非常不满意,比较好,"教学: 44%, 研究: 33%, 行政工作: 16%, 其他: 7%",从不,比较同意,经常,"发表压力, 职称评定, 工作不稳定性",无回答,非常支持,总是,比较鼓励,非常合理,很少,"提高教学质量: 3, 增强研究能力: 1, 改善时间管理: 1, 减轻工作压力: 4, 明确职业目标: 1",不太有帮助,无回答,无回答,无回答
41岁以上,不愿透露,0-2年,工程,其他,完全不熟悉,每周,"导师/同事讨论, 同行观察, 自我评估, 学生反馈分析, 教学日志",非常有帮助,无回答,"教学负担, 时间管理, 研究压力",40-50小时,比较满意,比较好,"教学: 45%, 研究: 47%, 行政工作: 11%, 其他: -3%",从不,比较同意,有时,"同行竞争, 工作不稳定性, 申请资助",无回答,比较支持,有时,中立,非常不合理,有时,"提高教学质量: 2, 增强研究能力: 2, 改善时间管理: 3, 减轻工作压力: 3, 明确职业目标: 5",非常有帮助,无回答,无回答,无回答
36-40岁,男,3-5年,社会科学,助理教授,不太熟悉,每学期,"同行观察, 学生反馈分析, 研究日志, 教学日志, 导师/同事讨论, 自我评估",比较有帮助,无回答,"行政工作, 职业发展不确定性",60小时以上,一般,比较好,"教学: 45%, 研究: 46%, 行政工作: 30%, 其他: -21%",从不,比较同意,很少,"发表压力, 职称评定, 申请资助",无回答,比较支持,经常,非常鼓励,比较合理,很少,"提高教学质量: 1, 增强研究能力: 4, 改善时间管理: 1, 减轻工作压力: 3, 明确职业目标: 2",非常有帮助,无回答,无回答,无回答
31-35岁,其他,6-8年,工程,助理教授,有所了解,每周,"学生反馈分析, 导师/同事讨论, 同行观察, 教学日志",一般,无回答,"职业发展不确定性, 工作生活平衡",60小时以上,比较满意,不太好,"教学: 42%, 研究: 33%, 行政工作: 10%, 其他: 15%",经常,比较同意,有时,"发表压力, 教学评估",无回答,非常支持,经常,中立,不太合理,很少,"提高教学质量: 4, 增强研究能力: 3, 改善时间管理: 5, 减轻工作压力: 2, 明确职业目标: 1",比较有帮助,无回答,无回答,无回答
41岁以上,不愿透露,3-5年,人文学科,讲师,非常熟悉,很少或从不,"自我评估, 导师/同事讨论, 教学日志",一般,无回答,"行政工作, 研究压力",40-50小时,不太满意,非常好,"教学: 42%, 研究: 42%, 行政工作: 14%, 其他: 2%",从不,非常同意,经常,"同行竞争, 发表压力",无回答,中立,有时,非常鼓励,非常合理,很少,"提高教学质量: 5, 增强研究能力: 4, 改善时间管理: 3, 减轻工作压力: 4, 明确职业目标: 4",非常有帮助,无回答,无回答,无回答
